26.09.2022--15:25:28,26,9,2022,1,vozna karta (Е)                         ,1,430,
29.09.2022--2:23:14,29,9,2022,1,FIESTA PILETINA /KOM (Е)                ,2,130,
30.09.2022--11:51:48,30,9,2022,1,vozna karta (Е)                         ,1,430,
01.10.2022--15:18:01,1,10,2022,1,Jaja L MU 10/1 (Е)                      ,1,213.74,
01.10.2022--15:18:01,1,10,2022,1,Jaja L MU 10/1 (Е)                      ,1,213.74,
01.10.2022--16:44:14,1,10,2022,3, PIVO ZAJECARSKO 2L PET  [KOM] (Ђ)      ,3,207.99,BIORAZGRADIVA KESA SUPER VERO  [KOM] (Ђ),1,11.99,KAFA BONITO 200G GRAND KAFA  [KOM] (Ђ)  ,1,219.99,
04.10.2022--21:41:42,4,10,2022,1,4126685 Jorgan 1320g BAGN topao 200x220/KOM (Ђ)                                 ,1,4000,
08.10.2022--20:05:16,8,10,2022,6,Čips paprika/KOM (Ђ)                    ,1,162.99,Čips paprika/KOM (Ђ)                    ,1,162.99,Pileća kobasica/KOM (Ђ)                 ,1,134.99,Sladoled kornet/KOM (Ђ)                 ,1,279.99,Svinjska mast/KOM (Е)                   ,1,259.99,Tuborg svetlo pivo/KOM (Ђ)              ,5,72.99,
10.10.2022--20:43:20,10,10,2022,1,šoljica za kafu gran/kom (Ђ)            ,1,600,
15.10.2022--12:36:06,15,10,2022,2,Dontodent cetk/zube 3kom (Ђ)            ,1,149,ORBIT SPEARMINT 14GR (Ђ)                ,1,70,
15.10.2022--12:36:06,15,10,2022,2,Dontodent cetk/zube 3kom (Ђ)            ,1,149,ORBIT SPEARMINT 14GR (Ђ)                ,1,70,
15.10.2022--15:41:05,15,10,2022,1,DK RUČNI SAT (Ђ)                        ,1,3900,
18.10.2022--16:40:14,18,10,2022,1,PRŽENA KAFA U ZRNU/KG (Ђ)               ,0.2,1399.9,
20.10.2022--20:50:35,20,10,2022,1,2021001299999 TOALETNA VODA     /kom (Ђ),1,1990,
23.10.2022--12:53:00,23,10,2022,1,PAPER BAG BLACK WITH GOLDEN GE/kom (Ђ)  ,1,86.4,
24.10.2022--6:16:58,24,10,2022,1,vozna karta (Е)                         ,1,430,
26.10.2022--12:46:16,26,10,2022,4,KOP.DVOS.51-100A4 (А)                   ,56,4,HEFTANJE DO 20 LIS. (А)                 ,1,20,KOLOR SKENIR.DO 20 SKEN  (А)            ,2,20,SLANJE MEJLA (А)                        ,1,50,
26.10.2022--14:07:14,26,10,2022,1,TP NATUR FOREST 3SL 150L 10/1    KOM (Ђ),1,339.99,
02.11.2022--10:09:26,2,11,2022,1,Zahtev za produženje kartice (Г)        ,1,1200,
02.11.2022--11:40:00,2,11,2022,1,HLEB DOMACI (Е)                         ,1,70,
07.11.2022--11:52:20,7,11,2022,1,KOVERAT B6 BLANKO ZA DALJU PROD.176X125 /KOM (Ђ)                                ,1,4,
13.11.2022--17:47:48,13,11,2022,1,HLEB DOMACI (Е)                         ,1,70,
14.11.2022--10:05:32,14,11,2022,1,3838883633360 09102061500421 SKY COPY A / KOM (Ђ)                               ,1,630.12,
14.11.2022--15:51:39,14,11,2022,5,SAMPON JABUKA 1000ML DCP HEMIGAL  [KOM] (Ђ)                                     ,1,209.99,BRUSKETI MARETTI SWEET CHILLI 70GR  [KOM] (Ђ)                                   ,1,59.99,BRUSKETI MARETTI PARADAJZ-MASLINE 70GR ITAL FOOD  [KOM] (Ђ)                     ,1,59.99,VIRSLA ZIVINSKA 250GR WUDY  [KOM] (Ђ)   ,1,134.99,KOCKA GOVEDA KUTIJA 40 GR YUMIS  [KOM] (Ђ)                                      ,1,59.99,
14.11.2022--16:11:30,14,11,2022,1,[00355] Somun veliki /Kom (Е)           ,1,70,
16.11.2022--15:11:09,16,11,2022,1,DEO SPREJ 150ML RED CODE STR8  [KOM] (Ђ),1,299.99,
19.11.2022--14:28:43,19,11,2022,1,Rowenta TN1350 trimer (Ђ)               ,1,3909,
20.11.2022--19:02:42,20,11,2022,2,SPECIAL KULEN ZDENKA (Е)                ,2,160,KESA BRENDIRANA (Ђ)                     ,1,10,
21.11.2022--10:29:23,21,11,2022,1,Jednonamenski vaučer (Г)                ,1,400,
21.11.2022--15:12:28,21,11,2022,1,001 Domaca kafa (А)                     ,2,60,
23.11.2022--18:21:09,23,11,2022,1,0252561 TRAKA ZA PROZOR I VRATA &quot;D&quot;-BRAON 9MM X 5. KOM (Ђ)                      ,1,284,
26.11.2022--18:22:20,26,11,2022,2,HLEB BELI REZANI B K PLUS 450G   KOM (Е),1,64.99,KOBASICA BAR Z WUDY 250G AIA     KOM (Ђ),1,179.99,
27.11.2022--20:40:03,27,11,2022,1,COKOLADA NZ SA KEKSOM 85G STARK  KOM (Ђ),3,99.99,
29.11.2022--15:51:11,29,11,2022,2,HLEB DOMACI (Е)                         ,1,70,SPECIAL KULEN ZDENKA (Е)                ,1,160,
30.11.2022--15:15:10,30,11,2022,1,Rum Kasato 120g/KOM (Ђ)                 ,1,85,
01.12.2022--13:19:48,1,12,2022,1,SPECIAL KULEN ZDENKA (Е)                ,1,160,
01.12.2022--14:42:21,1,12,2022,1,Jednonamenski vaučer (Г)                ,1,600,
01.12.2022--21:20:06,1,12,2022,2,Caj kamilica  /kom (Ђ)                  ,1,100,Cedevita narandza /kom (Ђ)              ,1,110,
03.12.2022--12:45:01,3,12,2022,1,Jednonamenski vaučer (Г)                ,1,3200,
03.12.2022--15:31:07,3,12,2022,2,SPECIAL KULEN ZDENKA (Е)                ,1,160,HLEB DOMACI (Е)                         ,1,70,
03.12.2022--18:52:55,3,12,2022,1,NAMAZ SA SUNKOM 125G NEOPLANTA   KOM (Ђ),2,59.99,
04.12.2022--10:55:27,4,12,2022,1,NAPITAK EN GUARANA JOKER 0.5L CA KOM (Ђ),1,89.99,
07.12.2022--9:15:39,7,12,2022,1,Jednonamenski vaučer (Г)                ,1,200,
09.12.2022--18:37:07,9,12,2022,3,NŽ BOMB.ML.COK.DES.PUNJ.NUGAT KREMOM I LESNIKOM 18 KOM (Ђ)                      ,1,419,PAPIR JESENJI CVET - VRSTA 1 KOM (Ђ)    ,1,28,CRVENA SATEN TRAKA 30mm M (Ђ)           ,2,30,
12.12.2022--12:17:31,12,12,2022,1,EX PREZERVATIV ROMED 144 KOM  ROM. 1 KOM [kom] (Ђ)                              ,30,20.97,
12.12.2022--15:42:01,12,12,2022,2,TAKO JE GOVORIO ZARATUSTRA/kom (Е)      ,1,1130.5,NORVEŠKA ŠUMA VI IZDANJE/kom (Е)        ,1,940.5,
12.12.2022--15:59:02,12,12,2022,4,BAR TWIX EXTRA TWIN 75G MARS     KOM (Ђ),2,109.99,TEC SUD MER ALOE VERA 450ML HENK KOM (Ђ),1,149.99,KAFA DONCAFE MOMENT 200G STRAUSS KOM (Ђ),1,279.99,KOCKA GOVEÐA 40G K PLUS          KOM (Ђ),1,54.99,
12.12.2022--16:10:53,12,12,2022,3,SECER   KRISTAL  1/1KG  10KOM/PAK./KG (Е)                                       ,1,114.99,KIT  KAT  CHUNKY  COKOLADA  36 KOM/PAK./KOM (Ђ)                                 ,1,59.99,PRŽENA KAFA U ZRNU/KG (Ђ)               ,0.2,1399.9,
13.12.2022--21:53:56,13,12,2022,1,HLEB DOMACI (Е)                         ,1,70,
15.12.2022--18:37:02,15,12,2022,2,OSTOJIĆEVO /kom  (Г)                    ,1,1107,Stanična usluga /kom (Ђ)                ,1,150,
15.12.2022--19:35:06,15,12,2022,2,Masamba lutalica /kom (Е)               ,1,900,BOOKMARKER/kom (Ђ)                      ,1,125,
21.12.2022--11:29:44,21,12,2022,2,SPECIAL KULEN ZDENKA (Е)                ,1,160,HLEB DOMACI (Е)                         ,1,70,
21.12.2022--11:29:44,21,12,2022,2,SPECIAL KULEN ZDENKA (Е)                ,1,160,HLEB DOMACI (Е)                         ,1,70,
23.12.2022--9:13:01,23,12,2022,1,Jednonamenski vaučer (Г)                ,1,320,
23.12.2022--9:55:52,23,12,2022,1,Jednonamenski vaučer (Г)                ,1,1400,
24.12.2022--10:01:04,24,12,2022,1,Jednonamenski vaučer (Г)                ,1,200,
25.12.2022--13:35:12,25,12,2022,2,Domaca kafa /kom (Ђ)                    ,2,110,Cedevita narandza /kom (Ђ)              ,1,110,
31.12.2022--11:04:10,31,12,2022,1,FINA KAFA 250GR/KOM (Ђ)                 ,2,275,
31.12.2022--11:19:39,31,12,2022,2,77800551 PRODUŽNI KABEL 5/1.5M KOM (Ђ)  ,1,759,0107117 UTIČNICA GLAVA 1001 KOM (Ђ)     ,1,152,
31.12.2022--11:41:16,31,12,2022,5,BIORAZGRADIVA KESA SUPER VERO  [KOM] (Ђ),1,11.99,VINO SANGRIA 1L VINARIJA COKA  [KOM] (Ђ),2,299.99,POMORANDZA GRCKA  [KGR] (Е)             ,0.852,109.99,CASA PLASTICNA 0.33L DRINA PLASTIKA  [KOM] (Ђ)                                  ,2,59.99,PREZERVATIVI FEEL THIN 18 PCS DUREX  [KOM] (Ђ)                                  ,1,1479.99,
02.01.2023--21:30:55,2,1,2023,3,POMORANDZA PAKOVANA               KG (Е),1,149.99,RATLUK ORAH 200G FINESSE         KOM (Ђ),1,94.99,KOCKA GOVEÐA 40G K PLUS          KOM (Ђ),4,54.99,
12.01.2023--11:34:08,12,1,2023,1,Jednonamenski vaučer (Г)                ,1,400,
12.01.2023--21:09:33,12,1,2023,8,VINO SANGRIA 1L VINARIJA COKA  [KOM] (Ђ),1,359.99,STAPICI SLANI PARDON 210GR MARBO  [KOM] (Ђ)                                     ,1,94.99,KIKIRIKI GUD PRZENI CHILI 180GR MARBO  [KOM] (Ђ)                                ,1,159.99,KECAP LJUTI BOCA 500GR POLIMARK  [KOM] (Ђ)                                      ,1,139.99,ZACIN C 350 GR NESTLE  [KOM] (Ђ)        ,1,172.99,SOS ANCHO HOT 285ML  PEMY FAMILY  [KOM] (Ђ)                                     ,1,179.99, MAJONEZ DIJAMANT CLASSIC 285ML  [KOM] (Ђ)                                      ,1,149.99,TANJIR PLITKI LUNA DRINA PLASTIKA  [KOM] (Ђ)                                    ,5,84.99,
19.01.2023--11:05:33,19,1,2023,3,PANADOL ADVANCE FILM TBL 24X500MG  SMITHKBPH [kom] (Е)                          ,1,324.5,PANADOL ADVANCE FILM TBL 24X500MG  SMITHKBPH [kom] (Е)                          ,1,324.5,BIOFAR VITAMIN C ACEROLA 1000MG TRI ACTIV EFF 15 KOM [kom] (Ђ)                  ,1,381.6,
22.01.2023--10:57:50,22,1,2023,1,SPECIAL KULEN ZDENKA (Е)                ,1,170,
22.01.2023--14:53:56,22,1,2023,1,Domaca kafa /kom (Ђ)                    ,2,110,
28.01.2023--9:11:26,28,1,2023,1,TRIK STAPICI 0.200GR /kom (Ђ)           ,1,95,
28.01.2023--17:00:02,28,1,2023,1,VIRSLA ZIVINSKA 500 GR WUDY  [KOM] (Ђ)  ,1,279.99,
30.01.2023--20:53:10,30,1,2023,4,Coko Smoki 80g/KOM (Ђ)                  ,2,108.99,Kis.mleko 2.8%mm Moja kr.400g/KOM (Е)   ,1,64.99,Slani stapici Prima 220g/KOM (Ђ)        ,1,99.99,Cxtra posebna 350g. Perutnina/KOM (Ђ)   ,1,139.99,
31.01.2023--11:52:09,31,1,2023,2,CAMELIA  4/1 SUPER T.PAPIR /kom (Ђ)     ,1,230,JAFA KOLAC MALINA 80 G /kom (Ђ)         ,1,95,
31.01.2023--14:36:11,31,1,2023,3,77800551 PRODUŽNI KABEL 5/1.5M KOM (Ђ)  ,1,699,0252511 TRAKA ZA PROZOR I VRATA &quot;P&quot;-BRAON 9MM X 5. KOM (Ђ)                      ,1,221,0252479 TRAKA ZA PROZORE I VRATA 9mm x 15mm x 6m KOM (Ђ)                        ,1,197,
03.02.2023--20:06:09,3,2,2023,8,TECNI SAPUN LAVANDA 1L HELLENA  [KOM] (Ђ)                                       ,2,179.99,SOK 7 UP 1.5L  [KOM] (Ђ)                ,1,99.99, PASTA ZA ZUBE BAM ANTI-CAVITY ORIGINAL 125ML P&amp;G  [KOM] (Ђ)                    ,2,119.99,OVSENA KASA SA MALINOM 60 GR DR.OETKER  [KOM] (Ђ)                               ,2,63.99,COKOLADA NAJLEPSE ZELJE PUNJENA KAPRI 190GR STARK  [KOM] (Ђ)                    ,1,279.99,STARK NAPOLITANKE 180G SOKO STARK  [KOM] (Ђ)                                    ,1,114.99,KIKIRIKI GUD PRZENI CHILI 180GR MARBO  [KOM] (Ђ)                                ,1,179.99,VAFL ROCHER T4 50GR FERRERO  [KOM] (Ђ)  ,1,119.99,
08.02.2023--12:45:27,8,2,2023,3,Bela čokolada/KOM (Ђ)                   ,2,104.99,Crna čokolada/KOM (Ђ)                   ,1,79.99,Kikiriki puter/KOM (Ђ)                  ,1,399.99,
08.02.2023--12:55:49,8,2,2023,2,SELOTEJP 50X66 (Ђ)                      ,1,150,Selot.ukras-met (Ђ)                     ,10,1,
10.02.2023--13:42:15,10,2,2023,1,PRŽENA KAFA U ZRNU/KG (Ђ)               ,0.5,1199.96,
10.02.2023--14:31:07,10,2,2023,2,Stanična usluga /kom (Ђ)                ,1,160,OSTOJIĆEVO /kom  (Г)                    ,1,1107,
10.02.2023--15:25:33,10,2,2023,1,COCA COLA 150CL PVC/KOM (Ђ)             ,1,125,
12.02.2023--15:40:35,12,2,2023,1,Čoka AS-29 - Pančevački most-4 [Studentska jedan smer] (Е)                      ,1,1010,
13.02.2023--14:57:43,13,2,2023,1,Cnerg.nap.Guarana Joker 0.5l/KOM (Ђ)    ,2,77,
13.02.2023--16:00:25,13,2,2023,3,391860081 40-42 Ženske čarape / PCS (Ђ) ,1,320,391860081 37-39 Ženske čarape / PCS (Ђ) ,1,320,391860081 37-39 Ženske čarape / PCS (Ђ) ,1,320,
13.02.2023--16:33:13,13,2,2023,2,5903698688350 PAPIRNA KESA CCC  (Ђ)     ,1,30,5904862169217 ЦИПЕЛЕ MP07-11734-01 (Ђ)  ,1,3358,
13.02.2023--17:13:09,13,2,2023,1,11221 PREZER. ROMED A 144 (Ђ)           ,30,22.75,
16.02.2023--20:40:39,16,2,2023,2,KIKINDA AS /kom  (Г)                    ,1,1080,Stanična usluga /kom (Ђ)                ,1,160,
24.02.2023--15:57:41,24,2,2023,1,Ostojićevo-28 - Pančevački most-4 [Studentska jedan smer] (Е)                   ,1,1107,
26.02.2023--10:21:33,26,2,2023,1,CAMELIA  4/1 SUPER T.PAPIR /kom (Ђ)     ,1,230,
26.02.2023--12:37:59,26,2,2023,2,baterije alkalne KOD/kom (Ђ)            ,1,180,Lanac LED basic 40 p/kom (Ђ)            ,1,180,
26.02.2023--12:46:23,26,2,2023,2,Kravica UHT mleko sa 2.5 % 500ml (Е)    ,1,94.99,Perfex toalet papir breskva troslojni 10/1 (Ђ)                                  ,1,423.99,
02.03.2023--9:24:31,2,3,2023,1,Jednonamenski vaučer (Г)                ,1,4200,
04.03.2023--11:19:06,4,3,2023,7,772 - LM358 [KOM] (Ђ)                   ,5,48,1295 - LM385Z-1.2 [KOM] (Ђ)             ,5,56.04,600 - IRFZ44N [KOM] (Ђ)                 ,2,156,233 - 47/25. elektrolit [KOM] (Ђ)       ,10,4.32,20215 - 680/25 105�. elektrolit [KOM] (Ђ)                                       ,2,36,12381 - 330/50. elektrolit [KOM] (Ђ)    ,2,38.4,272 - 22/100. elektrolit [KOM] (Ђ)      ,2,14.4,
05.03.2023--18:07:42,5,3,2023,6,SECER 1 KG CRVENKA  [KOM] (Е)           ,1,114.99,KECAP LJUTI BOCA 1 KG POLIMARK  [KOM] (Ђ)                                       ,1,239.99,ZVAKE ORBIT SPEARMINT XS WRIGLLEYS  [KOM] (Ђ)                                   ,1,64.99,KIKIRIKI GUD PRZENI CHILI 180GR MARBO  [KOM] (Ђ)                                ,1,179.99,MAKARONA KOSO SECENA 400G DANUBIUS  [KOM] (Ђ)                                   ,1,82.99,BIORAZGRADIVA KESA SUPER VERO  [KOM] (Ђ),1,11.99,
06.03.2023--16:30:18,6,3,2023,3,A619100 Sklopka jednopolna PRESTIGE indikatorska 1 KOM (Ђ)                      ,1,429,0545575 KLJUČ NASADNI 1/4&quot; IMBUS 5MM KOM (Ђ)                                    ,1,64,0545574 KLJUČ NASADNI 1/4&quot; IMBUS 4MM KOM (Ђ)                                    ,1,64,
07.03.2023--14:37:48,7,3,2023,1,Dnevna bazen (kom) (Ђ)                  ,2,500,
07.03.2023--16:50:29,7,3,2023,2,CVECE HYACINTHUS  ZUMBUL  TOP FLORA LTD  [KOM] (Ђ)                              ,1,199.99,ANANAS KOLUT 580ML GIANA  [KOM] (Ђ)     ,1,329.99,
09.03.2023--12:42:21,9,3,2023,1,E2506 BATERIJA ENERGIZER AL.6LR61G 9V KOM (Ђ)                                   ,1,480,
09.03.2023--13:58:25,9,3,2023,1,Dnevna bazen (kom) (Ђ)                  ,1,500,
11.03.2023--12:20:11,11,3,2023,1,Jednonamenski vaučer (Г)                ,1,400,
11.03.2023--19:24:00,11,3,2023,2,coca cola 2l(kom) (Ђ)                   ,1,150,tube 1.5l pomorandza(kom) (Ђ)           ,2,150,
18.03.2023--12:40:57,18,3,2023,13,839 - NE555 [KOM] (Ђ)                   ,5,30,18465 - 2N5401 [KOM] (Ђ)                ,5,13.2,17 - CK 1nF/50V. kondenzator [KOM] (Ђ)  ,20,2.88,23 - CK 22nF/50V. kondenzator [KOM] (Ђ) ,20,3.6,32751 - Trimer pot 3296Y 50K. stojeci viseobrtni [KOM] (Ђ)                      ,1,93.6,32753 - Trimer pot 3296Y 500K. stojeci viseobrtni [KOM] (Ђ)                     ,1,93.6,376 - Podnozje DIP8 [KOM] (Ђ)           ,10,5.4,058810 - Buksna 4mm velika crna [KOM] (Ђ)                                       ,2,96,9561 - Banana 4mm crna [KOM] (Ђ)        ,1,36,9562 - Banana 4mm crvena [KOM] (Ђ)      ,1,36,29354 - Klema 2-pol. 1.5kvmm. RM 5.08 print. XY301 [KOM] (Ђ)                    ,2,13.2,044782 - Test ploca 100x100 tacke [KOM] (Ђ)                                     ,1,228,25880 - 2N7002KCX [KOM] (Ђ)             ,5,10.92,
18.03.2023--21:18:54,18,3,2023,1,PRŽENA KAFA U ZRNU/KG (Ђ)               ,0.25,1199.96,
19.03.2023--20:52:19,19,3,2023,6,VITAMIN D KAPSULE MULTIVITA  [KOM] (Ђ)  ,1,399.99,JOGURT 3.2% M.M. PET 1KG DUKAT  [KOM] (Е)                                       ,1,149.99,SOK ANANAS HAPPY DAY HAPPY FAMILY 1L RAUCH  [KOM] (Ђ)                           ,1,149.99,VOCNI SOK LIFE PREMIUM JAGODA JABUKA I GROZDE 0.2L NECTAR  [KOM] (Ђ)            ,2,52.99,MANDORA  [KGR] (Е)                      ,1.182,169.99,JABUKA GRANNY SMITH EXTRA KARAVAN  [KGR] (Е)                                    ,1.094,169.99,
21.03.2023--15:17:30,21,3,2023,1,Mivolis vitamin C 100g (Ђ)              ,1,349,
21.03.2023--15:35:39,21,3,2023,3,10979 ANAFARM CINK-SELEN TBL A100 (Ђ)   ,1,495,29700 KESA 1 MALA (Ђ)                   ,1,5,11221 PREZER. ROMED A 144 (Ђ)           ,30,22.75,
21.03.2023--16:01:57,21,3,2023,2,JERSEY PANTALONE - 8683112693777 (КОМ) (Ђ)                                      ,1,1099,JERSEY PANTALONE - 8683112693791 (КОМ) (Ђ)                                      ,1,1299,
23.03.2023--21:20:04,23,3,2023,3,Dobro sunđer abrazivni 2/1 (Ђ)          ,1,37.99,Merci crispy 250g (Ђ)                   ,1,830.99,CIGARETE MARLBORO GOLD FINE TOUCH (Ђ)   ,1,380,
23.03.2023--21:54:19,23,3,2023,7,MSC Surimi štapići/KOM (Ђ)              ,1,179.99,MSC Surimi štapići/KOM (Ђ)              ,1,179.99,Di Luna Sangrija/KOM (Ђ)                ,1,373.99,Kikiriki u omot. BBQ/KOM (Ђ)            ,1,164.99,Jezgrasto voće čili/KOM (Ђ)             ,1,329.99,Navodnjavanje/KOM (Ђ)                   ,1,799.99,Pomorandža 2kg/KOM (Е)                  ,1,239.98,
24.03.2023--18:38:53,24,3,2023,1,Pivo svetlo Jelen limenka 0.5l/KOM (Ђ)  ,2,74.99,
25.03.2023--14:26:57,25,3,2023,1,Cedevita narandza /kom (Ђ)              ,1,150,
26.03.2023--11:20:44,26,3,2023,3,KUKURUZ KOKICAR 200GR UNAC BB/KOM (Е)   ,1,58.99,KUKURUZ KOKICAR 200GR UNAC BB/KOM (Е)   ,1,58.99,FEFERONI  370GR.-MOC PRIRODE/KOM (Ђ)    ,1,179.99,
26.03.2023--21:56:05,26,3,2023,5,KRILCA 0.5 KG/kom (Ђ)                   ,1,610,BATAK 200 G/kom (Ђ)                     ,2,440,POMFRIT 250g/kom (Ђ)                    ,3,260,SOPSKA SALATA/kom (Ђ)                   ,1,250,ROSA 0.75/kom (Ђ)                       ,2,230,
26.03.2023--21:56:05,26,3,2023,5,KRILCA 0.5 KG/kom (Ђ)                   ,1,610,BATAK 200 G/kom (Ђ)                     ,2,440,POMFRIT 250g/kom (Ђ)                    ,3,260,SOPSKA SALATA/kom (Ђ)                   ,1,250,ROSA 0.75/kom (Ђ)                       ,2,230,
28.03.2023--14:16:02,28,3,2023,1,STAPICI (Е)                             ,1,50,
29.03.2023--17:59:09,29,3,2023,2,NAPOLITANKE KAKAO PRELIV STAR /kom (Ђ)  ,1,155,TRIK STAPICI 0.200GR /kom (Ђ)           ,1,95,
01.04.2023--13:42:43,1,4,2023,1,CAMELIA  4/1 SUPER T.PAPIR /kom (Ђ)     ,1,230,
03.04.2023--16:03:21,3,4,2023,1,12:Avans (Г)                            ,1,6400,
06.04.2023--13:13:10,6,4,2023,1,Jednonamenski vaučer (Г)                ,1,400,
13.04.2023--14:44:26,13,4,2023,4,Slani stapici TriK 200g/KOM (Ђ)         ,1,99.99,Voda gazirana Maxi PCT 1.5L/KOM (Ђ)     ,1,34.99,Cokol.jaje Kinder Surprise 20g/KOM (Ђ)  ,2,89,Slad.stapic bela cok.3kom 240g/KOM (Ђ)  ,1,299.99,
25.04.2023--21:59:02,25,4,2023,1,COKO SMOKI 80G /kom (Ђ)                 ,1,105,
26.04.2023--16:00:50,26,4,2023,1,GUARANA JOKER 0.5 /kom (Ђ)              ,1,110,
27.04.2023--8:15:27,27,4,2023,2,GUARANA JOKER 0.25 /kom (Ђ)             ,1,85,ORBIT SPEARMINT ZVAKE /kom (Ђ)          ,1,75,
27.04.2023--14:41:03,27,4,2023,1,NEXT JOY VISNJA 1.5L /kom (Ђ)           ,1,150,
27.04.2023--15:46:21,27,4,2023,2,SNIKERS 50.GR /kom (Ђ)                  ,1,90,COKO SMOKI 80G /kom (Ђ)                 ,1,105,
28.04.2023--11:42:33,28,4,2023,1,TRIK STAPICI 0.200GR /kom (Ђ)           ,1,95,
28.04.2023--14:52:45,28,4,2023,1,PRŽENA KAFA U ZRNU/KG (Ђ)               ,0.5,1199.98,
28.04.2023--14:53:50,28,4,2023,1,FD KEKS SPECULUS 380GR/13KOM/KOM (Ђ)    ,1,149.99,
28.04.2023--15:33:08,28,4,2023,1,ROSA 1.5 NEGAZ /kom (Ђ)                 ,1,70,
03.05.2023--11:02:01,3,5,2023,1,Profissimo filter 120kom (Ђ)            ,1,229,
03.05.2023--11:19:07,3,5,2023,2,Trust Trino HD web cam 8Mp. 12 (Ђ)      ,1,1999,Hama adapter 2x3.5 na 3.5 (Ђ)           ,1,699,
03.05.2023--20:47:46,3,5,2023,1,EX PREZERVATIV ROMED 144 KOM  ROM. 1 KOM [kom] (Ђ)                              ,30,20.97,
04.05.2023--13:38:57,4,5,2023,1,SECER KRISTAL KG SUNOKU /kom (Е)        ,1,114.99,
05.05.2023--19:13:22,5,5,2023,2,VELNES ZITARICE NARANDZA CRNA /kom (Ђ)  ,2,50,NEXT JOY VISNJA 1.5L /kom (Ђ)           ,1,150,
05.05.2023--21:31:49,5,5,2023,1,RUM KASATO 120GR /kom (Ђ)               ,1,85,
07.05.2023--10:48:53,7,5,2023,7,KEKS NOBLICE KAKAO 350GR BANINI  [KOM] (Ђ)                                      ,2,184.99,BIORAZGRADIVA KESA SUPER VERO  [KOM] (Ђ),1,11.99, SLADOLED MACHO BELA COKLADA 75ML FRIKOM  [KOM] (Ђ)                             ,1,129.99,POMORANDZA MREZICA GRCKA  [KGR] (Е)     ,1.828,149.99,KISELO MLEKO EXTRA 6%MM 280GR CASA MOJA KRAVICA  [KOM] (Е)                      ,1,64.99,KOCKA GOVEDA KUTIJA 40 GR YUMIS  [KOM] (Ђ)                                      ,2,59.99,SIR TOPLJENI BISER  140 GR MLEKOPRODUKT  [KOM] (Ђ)                              ,1,169.99,
07.05.2023--20:56:20,7,5,2023,2,ULOZAK KOMPLET UNIVERZALNI V 100-15 AKVAFOR  [KOM] (Ђ)                          ,1,1049.99,BOKAL ZA FILTRIRANJE VODE STANDARD AKVAFOR  [KOM] (Ђ)                           ,1,1379.99,
08.05.2023--20:25:51,8,5,2023,1,KAPRI /kom (Ђ)                          ,2,100,
11.05.2023--20:35:23,11,5,2023,3,GUD KUGLICA PAPRIKA 55 G /kom (Ђ)       ,1,65,CHIPSY STAPICI KECAP 40G /kom (Ђ)       ,1,65,NEXT JOY VISNJA 1.5L /kom (Ђ)           ,1,150,
12.05.2023--21:34:23,12,5,2023,5,Knjaz Milos gaz. voda 1l (Ђ)            ,2,340,Miselova Snicla 400g (Ђ)                ,2,1150,Domacinski krompir (Ђ)                  ,1,140,Sopska (Ђ)                              ,2,390,Lepinja sac (Ђ)                         ,1,160,
13.05.2023--12:23:09,13,5,2023,2,STR8 deos.RED C.150+50mlgratis (Ђ)      ,1,359,Profissimo filter 120kom (Ђ)            ,1,259,
13.05.2023--12:39:23,13,5,2023,1,РХ МИНИ 32мм (Ђ)                        ,1,520,
15.05.2023--13:55:47,15,5,2023,1,Jednonamenski vaučer (Г)                ,1,1000,
15.05.2023--22:01:46,15,5,2023,2,JAFA BISKVIT 150 G /kom (Ђ)             ,1,145,NUDLE UKUS SPEC.PILETINA 70G /kom (Ђ)   ,1,45,
16.05.2023--11:52:02,16,5,2023,2,KAPRI /kom (Ђ)                          ,1,100,SLADOLED CMOK /kom (Ђ)                  ,1,80,
16.05.2023--16:27:45,16,5,2023,1,GY5432 PATIKE HOOPS 3.0 M (par) (Ђ)          7.799.99          1        6.239.9944002-1175 CARAPE RANG LW U (par) (Ђ)          299.99          1          150.0007R KESE L  07R (Kom) (Ђ)               ,1,20,
16.05.2023--17:26:34,16,5,2023,2,202080 - UM-120. gel hemijska. 0.7 mm. plava. Uni-ball [KOM] (Ђ)                ,1,183,130100 - Neon. grafitna olovka sa gumicom. HB [KOM] (Е)                         ,2,18,
16.05.2023--19:10:15,16,5,2023,2,MEDENO SRCE 150 G /pak (Ђ)              ,1,160,CAMELIA  4/1 SUPER T.PAPIR /kom (Ђ)     ,1,230,
18.05.2023--14:32:38,18,5,2023,2,CAPTAIN MORGAN BLACK RUM 0.70L (Ђ)      ,1,2069,ZLATNI PELIN 1L (Ђ)                     ,1,799,
19.05.2023--19:20:07,19,5,2023,2,BONI TOP 4500G RF/KG (Ђ)                ,0.216,650,KARAMELE MLEČNE 1000G/KG (Ђ)            ,0.302,625,
20.05.2023--20:35:32,20,5,2023,3,Kronenbourg bl. pivo lim. 4x500ml (Ђ)   ,4,369.99,Dobro sunđer abrazivni  5/1 (Ђ)         ,1,59.99,Coca Cola 2x2 l -sjajna ponuda (Ђ)      ,1,309.99,
24.05.2023--18:39:48,24,5,2023,1,NAPOLITANKE KAKAO PRELIV STAR /kom (Ђ)  ,1,155,
24.05.2023--20:22:10,24,5,2023,2,24 kom. ženskih gumi/kom (Ђ)            ,1,120,12 kom. ženskih gumi/kom (Ђ)            ,1,60,
06.06.2023--22:11:19,6,6,2023,2,KREMASTA BANANICA COKO NARAND /kom (Ђ)  ,2,30,GUARANA JOKER 0.5 /kom (Ђ)              ,1,110,
01.06.2023--19:38:08,1,6,2023,1,Ženski nakit/kom (Ђ)                    ,1,250,
04.06.2023--19:23:46,4,6,2023,3,10979 ANAFARM CINK-SELEN TBL A100 (Ђ)   ,1,495,10508 CANESTEN KREM 20G (Е)             ,1,553.31,11221 PREZER. ROMED A 144 (Ђ)           ,30,19.82,
19.05.2023--20:24:09,19,5,2023,8,BATERIJE ALKALNE 1.5V 4/1  [KOM] (Ђ)    ,1,199,AUTOMOBIL R8 NA DALJINSKO   [KOM] (Ђ)   ,1,999,KESA MALA JUMBO  [KOM] (Ђ)              ,1,6,SIPKA ZA TEGOVE 35 CM    [KOM] (Ђ)      ,1,999,TEGOVI 2.5kg CRNI  [KOM] (Ђ)            ,1,549,TEGOVI 2.5kg CRNI  [KOM] (Ђ)            ,1,549,SPORTSKI REKVIZITI TEGOVI 5KG  [KOM] (Ђ),1,999,SPORTSKI REKVIZITI TEGOVI 5KG  [KOM] (Ђ),1,999,
26.05.2023--21:40:56,26,5,2023,9,BIORAZGRADIVA KESA SUPER VERO  [KOM] (Ђ),1,11.99,CIPS TORTILJA CHILLI 200G VERO  [KOM] (Ђ)                                       ,1,109.99,KEKS NOBLICE KAKAO 350GR BANINI  [KOM] (Ђ)                                      ,2,184.99,STARK NAPOLITANKE 180G SOKO STARK  [KOM] (Ђ)                                    ,1,139.99,OMEKSIVAC LENOR LAV &amp; CAM 1625ML P&amp;G  [KOM] (Ђ)                                 ,1,519.99, PASTA ZA ZUBE BAM ANTI-CAVITY ORIGINAL 125ML P&amp;G  [KOM] (Ђ)                    ,2,139.99,KAFA C ZLATNA 200G STRAUSS ADRIATIC  [KOM] (Ђ)                                  ,1,319.99,GAZIRANI SOK SHOKATA 1.5L  [KOM] (Ђ)    ,1,129.99, DET.ZA SUDOVE FAIRY LEMON 450 ML P&amp;G  [KOM] (Ђ)                                ,1,189.99,
27.05.2023--12:44:40,27,5,2023,1,Jednonamenski vaučer (Г)                ,1,400,
28.05.2023--11:37:06,28,5,2023,2,PRŽENA KAFA U ZRNU/KG (Ђ)               ,1,1199.98,FD COKOLADA MONSTER 105-115GR/KOM (Ђ)   ,1,89.99,
29.05.2023--19:24:14,29,5,2023,3,TUC BACON 100G PROMO /kom (Ђ)           ,1,90,NEXT JOY VISNJA 1.5L /kom (Ђ)           ,1,150,SECER KRISTAL KG SUNOKU /kom (Е)        ,1,136,
29.05.2023--21:47:25,29,5,2023,1,GUARANA JOKER 0.5 /kom (Ђ)              ,1,110,
01.06.2023--19:37:37,1,6,2023,1,Baterije ravne AG13x/kom (Ђ)            ,1,90,
20.06.2023--19:27:48,20,6,2023,2,VINO SANGRIA 1L VINARIJA COKA  [KOM] (Ђ),1,379.99,ALVA SA BADEMOM 250GR OLYMPOS  [KOM] (Ђ),1,239.99,
20.06.2023--19:27:48,20,6,2023,2,VINO SANGRIA 1L VINARIJA COKA  [KOM] (Ђ),1,379.99,ALVA SA BADEMOM 250GR OLYMPOS  [KOM] (Ђ),1,239.99,
25.07.2023--14:42:44,25,7,2023,1,HDD SSD SATA3 Samsung 1TB 870 EVO MZ-77E1T0BEU / kom (Ђ)                        ,1,8240,
07.06.2023--18:59:52,7,6,2023,4,Noblice kakao 350 g (Ђ)                 ,1,195.99,Gelado sladoled vanilla 8x65 ml (Ђ)     ,1,199.99,Smoki coko flips 150 g (Ђ)              ,1,139.99,ŠEĆER KRISTAL 1kg  SUNOKO (Е)           ,1,114.99,
09.06.2023--21:35:25,9,6,2023,2,Gelado sladoled vanilla 8x65 ml (Ђ)     ,1,259.99,PUŽIĆ 400g VIT. 70 DANUBIUS (Ђ)         ,1,69.99,
23.06.2023--19:11:35,23,6,2023,4,Hrskavi musli voćni/KOM (Ђ)             ,1,349.99,Žersej čaršav/KOM (Ђ)                   ,1,999.99,EKO kese za smeće/KOM (Ђ)               ,1,118.99,EKO kese za smeće/KOM (Ђ)               ,1,99.99,
07.07.2023--13:18:45,7,7,2023,5,DUNAVSKI HLEB REZANI 500GR- AS STANKOVIC/KOM (Е)                                ,1,89.99,ULTRA ENERGY 0.5L LIMENKA/KOM (Ђ)       ,1,94.99,PRŽENA KAFA U ZRNU/KG (Ђ)               ,0.5,1139.98,PRŽENA KAFA U ZRNU/KG (Ђ)               ,0.5,1139.98,NOBLICE 125GR./30PAK. - BANINI/KOM (Ђ)  ,1,79.99,
07.07.2023--21:19:28,7,7,2023,1,CIDER SOMERSBY MANGO&amp;LIME 033L N KOM (Ђ),4,119.99,
08.07.2023--6:24:27,8,7,2023,1,Beograd AS-1 - Ostojićevo-28 [Prva dva komada prtljaga-po komadu] (Е)           ,1,60,
11.07.2023--15:10:08,11,7,2023,6,5501310 PIN SA NOSAČEM PRECIZNI SET 31 KOM KOM (Ђ)                              ,1,699,0291032 VIJAK ZA DRVO 3.5X50MM YZP KOM (Ђ)                                      ,10,5,0291033 VIJAK ZA DRVO 3X40MM YZP KOM (Ђ),10,2,0291036 VIJAK ZA DRVO 4X40MM YZP KOM (Ђ),10,4,0290817 KONEKTOR-LUSTER KLEME 6/XII KOM (Ђ)                                     ,1,69,0290818 KONEKTOR-LUSTER KLEME 10/XII KOM (Ђ)                                    ,1,89,
13.07.2023--12:06:22,13,7,2023,2,ХЕРЦЕГ НОВИ АС /ком  (Г)                ,1,2737.5,Станична услуга /ком (Ђ)                ,1,180,
13.07.2023--15:49:24,13,7,2023,1,Dnevna karta 15:00-19:00 (kom) (Ђ)      ,1,400,
24.07.2023--4:58:44,24,7,2023,2,VODA KNJAZ MILOS 1.75 L (Ђ)             ,1,100,JAFFA KOLACI MALINA 80G (Ђ)             ,1,100,
24.07.2023--21:39:41,24,7,2023,20,Sladoled jagoda XXL/KOM (Ђ)             ,1,499.99,Brašno tip 500/KOM (Е)                  ,1,51.99,Pileća jetra i srca/KOM (Е)             ,1,123.99,Pileće grudi sa kožom/KG (Е)            ,0.894,342.99,Kisela pavlaka/KOM (Ђ)                  ,1,249.99,Kristal šećer/KOM (Е)                   ,1,114.99,Tečni sapun/KOM (Ђ)                     ,1,144.99,Beli luk/KG (Е)                         ,0.112,420,Hleb beli rezani/KOM (Е)                ,1,53.99,Spirala - vitaminizi/KOM (Ђ)            ,1,79.99,Makaroni-vitaminizir/KOM (Ђ)            ,1,79.99,Krastavac/KG (Е)                        ,1.212,89.99,Šampon Kopriva/KOM (Ђ)                  ,1,129.99,Jaja podni uzgoj kla/KOM (Е)            ,1,239.99,Paradajz/KG (Е)                         ,1.63,149.99,Krompir b. mlad/KG (Е)                  ,0.98,139.99,Tikvica bela/KG (Е)                     ,1.774,79.99,Luk crni/KG (Е)                         ,0.928,89.99,FSC papirna kesa/KOM (Ђ)                ,1,29.99,FSC papirna kesa/KOM (Ђ)                ,1,29.99,
25.07.2023--15:01:16,25,7,2023,1,HOT-DOG HRENOVKA (RINFUZ)  [KG ] (Ђ)    ,1.06,325,
03.08.2023--21:02:25,3,8,2023,1,11221 PREZER. ROMED A 144 (Ђ)           ,30,19.82,
04.08.2023--16:03:40,4,8,2023,2,КИКИНДА АС /ком  (Г)                    ,1,800,Станична услуга /ком (Ђ)                ,1,190,
07.08.2023--15:58:25,7,8,2023,1,Ostojićevo-28 - Pančevački most-4 [Pojedinačna] (Е)                             ,1,1230,
08.08.2023--12:29:25,8,8,2023,4,114817 BURGIJA SET 6 KOM HSS ZA METAL GAR (Ђ)                                   ,1,250,76300124 LIST TESTERE 24 ZUBA 10 KOM GAR (Ђ)                                    ,1,289,2608631964 LIST UBODNE TESTERE T 118 A BASICFORMET KOM (Ђ)                      ,1,103,0533375 TURPIJA ZA METAL 150 MM TROUGLA-NORMAL KOM (Ђ)                          ,1,189,
10.08.2023--10:34:27,10,8,2023,9,6742 0.6742. VINKLA 20*20*15 G 945/kom (Ђ)                                      ,8,12,2956 0.2956. JUS601 M2/kom (Ђ)          ,10,1,5575 0.5575. JUS103 2.5*25/kom (Ђ)      ,10,10,3444 0.3444. JUS118 3*25/kom (Ђ)        ,5,2.8,0293 0.293. MATJUS601 M3/kom (Ђ)        ,5,0.7,3447 0.3447. JUS118 4*25/kom (Ђ)        ,20,4.2,0294 0.294. MATJUS601 M4/kom (Ђ)        ,20,0.8,4493 0.4493. HSS-G 3/kom (Ђ)            ,2,100,4494 0.4494. HSS-G 4/kom (Ђ)            ,2,130,
11.08.2023--10:48:00,11,8,2023,5,Šampinjoni 400g/KOM (Е)                 ,1,169.99,Pileći batak i karaba/KG (Е)            ,0.728,289.99,Krastavac/KG (Е)                        ,1.122,109.99,Paradajz/KG (Е)                         ,0.734,119.99,Tortilja wraps/KOM (Ђ)                  ,1,156.99,
15.08.2023--19:29:48,15,8,2023,2,Balea cvrsti sapun 150g (Ђ)             ,1,119,Prof. kese 20l 30kom (Ђ)                ,1,169,
15.08.2023--19:50:16,15,8,2023,10,Jogurt Grekos 9% 700g/KOM (Е)           ,1,239.99,Napitak visnja Next Joy 1.5l/KOM (Ђ)    ,1,139.99,Cnerg.nap.Guarana Joker 0.5l/KOM (Ђ)    ,1,85.99,Masline zel.bez koscice rin.1k/KG (Ђ)   ,0.212,899.99,Ulje suncokretovo Maxi 1l/KOM (Е)       ,1,159.99,Pirinac oblo zrno Maxi 1kg/KOM (Е)      ,1,188.99,Luk beli domaci/KG (Е)                  ,0.066,419.99,Luk crni domaci/KG (Е)                  ,0.176,119.99,Hleb beli seceni 500g/KOM (Е)           ,2,64.99,Pasta BAM Anti-Cavity Original/KOM (Ђ)  ,1,139.99,
15.08.2023--20:12:33,15,8,2023,7,KREM NUTELLA 700G FERRERO        KOM (Ђ),1,579.99,KEKSICI COKO KOKOS 220G          KOM (Ђ),1,149.99,KESA VJZ 7KG 51 MIKRON           KOM (Ђ),1,14.99,JAJA A KLASA M GRUPA 30/1 TM     KOM (Е),1,395.99,VODA MINERALNA KNJAZ MILOS 1.75  KOM (Ђ),1,49.99,PASTETA TUNA PATELINA 60G NEOPLA KOM (Ђ),1,99.99,TUNA KOMADI U ULJU 170G BARBA    KOM (Ђ),1,359.99,
25.08.2023--20:10:36,25,8,2023,2,Kokice VELIKE (Ђ)                       ,2,180,Ap.Cola 0.5 (Ђ)                         ,2,170,
26.08.2023--19:25:45,26,8,2023,8,BODI ŽERSEJ - MAJICA - 8683114795646 (КОМ) (Ђ)                                  ,1,799,BODI ŽERSEJ - MAJICA - 8683116139639 (КОМ) (Ђ)                                  ,1,799,BODI ŽERSEJ - MAJICA - 8683112693074 (КОМ) (Ђ)                                  ,1,699,BODI ŽERSEJ - MAJICA - 8683119716394 (КОМ) (Ђ)                                  ,1,549,TKANI TEKSAS ŠORC -  - 8683118462940 (КОМ) (Ђ)                                  ,1,1499,TKANE BLUZE KOŠULJE  - 8683112048942 (КОМ) (Ђ)                                  ,1,799,TKANE BLUZE KOŠULJE  - 8683118099870 (КОМ) (Ђ)                                  ,1,899,BODI ŽERSEJ - MAJICA - 8684134018906 (КОМ) (Ђ)                                  ,1,649,
27.08.2023--21:20:22,27,8,2023,2,Somersby cider borovnica 330 ml (Ђ)     ,4,119.99,Čoka Di Luna Sangria vino crno  1 l (Ђ) ,1,299.99,
30.08.2023--9:18:14,30,8,2023,9,Toal.pap.breskva/KOM (Ђ)                ,1,229.99,Kapri Retro/KOM (Ђ)                     ,1,349.99,Toal.pap.breskva/KOM (Ђ)                ,1,229.99,Mlečni namaz/KOM (Ђ)                    ,1,179.99,Pileći batak i karaba/KG (Е)            ,0.761,389.99,Krastavac/KG (Е)                        ,0.664,159.98,Limun. rinfuz/KG (Е)                    ,0.52,219.98,Kisela pavlaka/KOM (Ђ)                  ,1,199.99,Tortilja wraps/KOM (Ђ)                  ,1,156.99,
30.08.2023--9:34:25,30,8,2023,3,ŠAMPINJONI SVEŽI 400g   POVRĆE (Е)      ,1,129.99,Minaqua voda gazirana 2 l (Ђ)           ,1,64.99,Nutella krem 700g (Ђ)                   ,1,769.99,
30.08.2023--11:08:59,30,8,2023,1,Jednonamenski vaučer (Г)                ,1,200,
02.09.2023--10:28:20,2,9,2023,1,HOT-DOG HRENOVKA (RINFUZ)  [KG ] (Ђ)    ,1.096,399,
06.09.2023--17:54:36,6,9,2023,8,Dobro kukuruz šećerac smrznuti 450 g (Е),1,109.99,PP BATAK I KARABATAK SA DELOM KARLICE - OHVP - PP LODNA (Е)                     ,0.798,279.99,Quickbury tortilja 6/1 420 g (Е)        ,1,199.99,Somersby cider Mango &amp; Lime 330ml (Ђ)   ,1,119.99,Somersby cider kruška staklo 330 ml npb (Ђ)                                     ,1,119.99,KRASTAVAC POVRĆE (Е)                    ,0.912,129.99,PASULJ CRVENI LIM. 400G POVRĆE (Ђ)      ,1,169.99,Dobro jaja M grupa 10/1 (Е)             ,2,149.99,
07.09.2023--11:38:27,7,9,2023,19,PP/L 3X0.75 BELI /MET (Ђ)               ,5,49,PF-2.5 CRNA /MET (Ђ)                    ,2,45,PF-1.5 CRNA /MET (Ђ)                    ,5,27,OBUJMICA SA EKSEROM 10MM /KOM (Ђ)       ,10,2,TABLA  6 NA ZID BITON /KOM (Ђ)          ,1,565,PAP.OKASTA RVL1.25-4/4 CRVENA /KOM (Ђ)  ,4,5,PF-1.5 PLAVA /MET (Ђ)                   ,5,27,UTIKAC 220V L BELI art.308.0 /KOM (Ђ)   ,1,175,PF-1.5 CRVENA /MET (Ђ)                  ,5,27,SUKO 220V OG DUPLI-H POW-L 242.00 /KOM (Ђ)                                      ,1,519,PF-2.5 CRVENA /MET (Ђ)                  ,2,45,ODVIJAC RAVNI VDE 4X100 ELMARK /KOM (Ђ) ,1,405,ŠRAF SAMOREZAC 4.8X25 7504N /KOM (Ђ)    ,10,4,AUTOMATSKI K60N 6KA 10A 3P ACTI9 A9K02310 /KOM (Ђ)                              ,2,1470,PF-0.5 CRVENA /MET (Ђ)                  ,5,11,PF-0.5 PLAVA /MET (Ђ)                   ,5,11,PF-0.5 CRNA /MET (Ђ)                    ,5,11,PAPUCICA VILJUSKASTA 1.5/6 IZOLOVANA /KOM (Ђ)                                   ,10,4.5,RUKAVICE MP BUCK CRNE VELIČINA 10 017963 /PAR (Ђ)                               ,1,150,
07.09.2023--11:38:27,7,9,2023,19,PP/L 3X0.75 BELI /MET (Ђ)               ,5,49,PF-2.5 CRNA /MET (Ђ)                    ,2,45,PF-1.5 CRNA /MET (Ђ)                    ,5,27,OBUJMICA SA EKSEROM 10MM /KOM (Ђ)       ,10,2,TABLA  6 NA ZID BITON /KOM (Ђ)          ,1,565,PAP.OKASTA RVL1.25-4/4 CRVENA /KOM (Ђ)  ,4,5,PF-1.5 PLAVA /MET (Ђ)                   ,5,27,UTIKAC 220V L BELI art.308.0 /KOM (Ђ)   ,1,175,PF-1.5 CRVENA /MET (Ђ)                  ,5,27,SUKO 220V OG DUPLI-H POW-L 242.00 /KOM (Ђ)                                      ,1,519,PF-2.5 CRVENA /MET (Ђ)                  ,2,45,ODVIJAC RAVNI VDE 4X100 ELMARK /KOM (Ђ) ,1,405,ŠRAF SAMOREZAC 4.8X25 7504N /KOM (Ђ)    ,10,4,AUTOMATSKI K60N 6KA 10A 3P ACTI9 A9K02310 /KOM (Ђ)                              ,2,1470,PF-0.5 CRVENA /MET (Ђ)                  ,5,11,PF-0.5 PLAVA /MET (Ђ)                   ,5,11,PF-0.5 CRNA /MET (Ђ)                    ,5,11,PAPUCICA VILJUSKASTA 1.5/6 IZOLOVANA /KOM (Ђ)                                   ,10,4.5,RUKAVICE MP BUCK CRNE VELIČINA 10 017963 /PAR (Ђ)                               ,1,150,
07.09.2023--18:24:27,7,9,2023,3,STABILO point88 lajner zelenL/kom (Ђ)   ,1,93.46,GEL ROLER E2185 CRYSTALJELLY P/kom (Ђ)  ,1,183.7,GEL ROLER E2185 CRYSTALJELLY C/kom (Ђ)  ,3,183.69,
09.09.2023--20:03:58,9,9,2023,2,FLIPS COKO STOBI 80G VIT KOM (Ђ)        ,1,84.99,TORTILJA TZATZIKI 150G H KOM (Ђ)        ,2,89.99,
09.09.2023--20:44:41,9,9,2023,1,00798 ROMED PREZERVATIVI (1/144) (Ђ)    ,30,20,
14.09.2023--13:03:27,14,9,2023,23,17141 - BANANA BC CRNA (Ђ)              ,3,33.12,17142 - BANANA BC CRVENA (Ђ)            ,3,33.12,1879 - BD243C/KOMAD (Ђ)                 ,1,150.06,1883 - BD244C/KOMAD (Ђ)                 ,1,147,18994 - BD679/KOMAD (Ђ)                 ,6,47.64,18995 - BD680/KOMAD (Ђ)                 ,5,33,14974 - BURGIJA 1.0 MM BFHM (Ђ)         ,1,126,1545 - BURGIJA 1.5 MM (Ђ)               ,1,66,4492 - BURGIJA 2.0 MM (Ђ)               ,1,60,5765 - BY550/400 (Ђ)                    ,7,16.75,9214 - CR46 1UF (Ђ)                     ,1,113.99,22126 - FQP32N20C (Ђ)                   ,2,190.1,13661 - HILZNA 0.75 SIVA (Ђ)            ,10,1.49,13660 - HILZNA 1.50 CRNA (Ђ)            ,10,1.52,15912 - IRF9Z34N (Ђ)                    ,1,95.47,19265 - MF2W 1R (Ђ)                     ,10,8.5,6553 - PERT LIN 50X100 (Ђ)              ,5,93.48,17806 - PIP TH10A ŽUTA (Ђ)              ,2,75,17818 - PIP TH10A BRAON (Ђ)             ,2,75,13565 - REDST 120/2 RM508 (Ђ)           ,5,42.76,5334 - TIP35C (Ђ)                       ,1,220.04,5267 - TIP36C (Ђ)                       ,2,147.52,1 - Troškovi dostave: Post Express (Ђ)  ,1,534.09,
21.09.2023--20:54:34,21,9,2023,2,719356 - Imperal. notes. block for notes. karo. A5 [KOM] (Ђ)                    ,1,505,1340 - Triplex. testerice za tehničko [KOM] (Ђ)                                 ,1,45.5,
21.09.2023--21:28:01,21,9,2023,8,Tort.chips slani Maxi 500g/KOM (Ђ)      ,1,249.99,Secer kristal beli Sunoko 1kg/KOM (Е)   ,1,114.99,Ajvar ljuti Chunky Maxi 540g/KOM (Ђ)    ,1,499.99,Biskvit Jaffa 300g/KOM (Ђ)              ,2,179,Grozdje roze Red Globe/KG (Е)           ,0.592,239.99,Pivo Zajecarsko limenka 0.5l/KOM (Ђ)    ,2,74.99,Keks Belvita Soft cok.250g/KOM (Ђ)      ,1,329.99,Krem Nutella 700g/KOM (Ђ)               ,1,599.99,
11.10.2023--9:34:29,11,10,2023,1,5011 VALJEVO - BEOGRAD (kom) (Е)        ,1,1000,
12.10.2023--13:58:21,12,10,2023,1,Jednonamenski vaučer (Г)                ,1,400,
19.10.2023--12:34:32,19,10,2023,2,JAKE grozdje 18g (Ђ)                    ,1,80,Profissimo filter 120kom (Ђ)            ,1,259,
19.10.2023--12:45:53,19,10,2023,9,JABUKA GRENI SMIT EXTRA (Е)             ,0.984,99.99,Dobro čaj nana 20 g (Ђ)                 ,1,69.99,ŠARGAREPA  POVRĆE (Е)                   ,0.512,89.99,BANANE VOĆE (Е)                         ,0.96,189.99,LIMUN     VOĆE (Е)                      ,0.428,109.99,KOLYNOS SUPER WHITE 125ml -za zube L010 (Ђ)                                     ,1,265.99,Perfex ubrus žuti dvoslojni 2/1 (Ђ)     ,1,99.99,Fresh sapun badem i mleko 75 g (Ђ)      ,1,61.99,Dobro t. sapun med i mleko 1l (Ђ)       ,1,94.99,
19.10.2023--17:02:48,19,10,2023,1,EX PREZERVATIV ROMED 144 KOM  ROM. 1 KOM [kom] (Ђ)                              ,30,16.78,
23.10.2023--17:28:57,23,10,2023,1,STONA SVETILJKA FIRMO 1XE27 MAX40/KOM (Ђ)                                       ,1,3499,
24.10.2023--16:01:34,24,10,2023,8,PP FILE - OH - PP lodna (Е)             ,0.546,619.99,JABUKA GRENI SMIT EXTRA (Е)             ,0.612,99.99,BANANE VOĆE (Е)                         ,0.864,189.99,Dis velika potrošacka kesa bela (Ђ)     ,1,13.99,Krompir beli  kg (Е)                    ,0.872,99.99,KRASTAVAC POVRĆE (Е)                    ,0.748,79.99,ŠARGAREPA  POVRĆE (Е)                   ,0.598,99.99,ZAČIN C 250g (Ђ)                        ,1,169.99,
26.10.2023--16:28:18,26,10,2023,1,HOT-DOG HRENOVKA (RINFUZ)  [KG ] (Ђ)    ,1.022,399,
27.10.2023--19:19:34,27,10,2023,4,КИКИНДА АС /ком  (Г)                    ,1,1080,Станична услуга /ком (Ђ)                ,1,190,КИКИНДА АС /ком  (Г)                    ,1,1080,Станична услуга /ком (Ђ)                ,1,190,
27.10.2023--19:29:12,27,10,2023,1,WC (Ђ)                                  ,1,60,
31.10.2023--11:48:03,31,10,2023,1,DRMAX HIDROGEN 3% 100ML/BOC (Е)         ,1,105.95,
31.10.2023--12:20:17,31,10,2023,3,318900 - Premia. ukrasna kesa. Minnie Mouse. M [KOM] (Ђ)                        ,1,90,116012 - G-1000. gel olovka. crna. 0.7mm [KOM] (Ђ)                              ,1,21.5,136753 - Blume. ukrasni papir. 58 x 58cm. roze plava [KOM] (Ђ)                  ,1,55,
31.10.2023--12:30:48,31,10,2023,1,10000mAh Mi Power Bank 3 Ultra Comp... (Ђ)/kom (Ђ)                              ,1,3790,
01.11.2023--20:49:41,1,11,2023,4,486126 - Starfish. fotokopirni papir. A4. 80g [KOM] (Ђ)                         ,1,399,116010 - G-1000. gel olovka. plava. 0.7mm [KOM] (Ђ)                             ,5,21.5,116012 - G-1000. gel olovka. crna. 0.7mm [KOM] (Ђ)                              ,5,21.5,116011 - G-1000. gel olovka. crvena. 0.7mm [KOM] (Ђ)                            ,2,21.5,
01.11.2023--21:08:45,1,11,2023,2,PARISIENNE skidac laka 125ml (Ђ)        ,1,135,JAKE grozdje 18g (Ђ)                    ,1,80,
08.11.2023--10:49:36,8,11,2023,1,HOT-DOG HRENOVKA (RINFUZ)  [KG ] (Ђ)    ,0.994,399,
08.11.2023--10:50:58,8,11,2023,13,Dobro sunđer abrazivni 2/1 (Ђ)          ,1,44.99,ŠEĆER KRISTAL 1kg  SUNOKO (Е)           ,1,114.99,CVEKLA  SVEŽA. (Е)                      ,0.676,69.99,Amfissa mas. zelene punjene pap. 680 g (Ђ)                                      ,1,449.99,SLADOLED FRIKOM KAPRI 60g (Ђ)           ,1,70,Frikom macho sandwich karamel 129 (Ђ)   ,1,120,Dijamant ajvar ljuti 680 g (Ђ)          ,1,299.99,Fino kese za smece hd 20 l 30/1 (Ђ)     ,1,119.99,PASTA LACALUT AKTIV 75ML-za zube                  -1 (Ђ)                        ,1,409.99,Nar komad (Е)                           ,1,69.99,Dobro čips sa ukusom sira 150 g (Ђ)     ,1,99.99,Dobro jaja L grupa 10/1 (Е)             ,2,244.99,ŠARGAREPA  POVRĆE (Е)                   ,0.826,99.99,
08.11.2023--18:53:18,8,11,2023,2,5201314163787 STR8 RED CODE MUŠKI / KOM (Ђ)                                     ,1,379.99,5201314163787 STR8 RED CODE MUŠKI / KOM (Ђ)                                     ,1,379.99,
08.11.2023--19:49:59,8,11,2023,2,JERSEY PANTALONE - 8683119108533 (КОМ) (Ђ)                                      ,1,1299,JERSEY DŽEMPER - 8684136857497 (КОМ) (Ђ),1,2499,
11.11.2023--22:34:18,11,11,2023,5,Adzina Sablja (Ђ)                       ,0.5,3200,Gazirana Voda 1/1 (Ђ)                   ,1,295,Lepinja/rostilj (Ђ)                     ,1,120,Sopska Salata (Ђ)                       ,1,410,Vesalica Punj.rolovana (Ђ)              ,0.5,3200,
12.11.2023--16:04:18,12,11,2023,2,Espresso kom (Ђ)                        ,1,160,Lav Toceno 0.5 kom (Ђ)                  ,4,250,
18.11.2023--18:48:38,18,11,2023,8,Pivo sv.Tuborg limenka 0.5l/KOM (Ђ)     ,2,79.99,Grcki jogurt Dukatos Dukat400g/KOM (Е)  ,1,152.99,Hleb 7 zrna Nase zr.sec.450g/KOM (Е)    ,1,119.99,Kesa tregerica Maxi/KOM (Ђ)             ,1,14.99,Jaja bogata selenom NP10 1/KOM (Е)      ,1,179.99,Kreker Tuc ukus slanine 100g/KOM (Ђ)    ,2,89,Limun Mayer/KG (Е)                      ,0.152,99.99,Biskvit Jaffa 300g/KOM (Ђ)              ,1,179.99,
24.11.2023--21:33:35,24,11,2023,3,STRUDLE KAJSIJA 240GR/KOM (Ђ)           ,1,119.99,CIO RIO BAR 30GR/KOM (Ђ)                ,4,26.99,PRŽENA KAFA U ZRNU/KG (Ђ)               ,0.5,1139.98,
24.11.2023--21:34:06,24,11,2023,1,PRŽENA KAFA U ZRNU/KG (Ђ)               ,0.25,1199.96,
25.11.2023--17:51:48,25,11,2023,7,GRISINE INTEGRALNE LJUTE 500G    KOM (Ђ),1,349.99,TARTAR SOS 100G DIJAMANT         KOM (Ђ),1,76.99,MAJONEZ SLANINICA 95ML DIJAMANT  KOM (Ђ),1,79.99,KOBASICA SREMSKA UMK              KG (Ђ),0.232,1399.9,KREM NUTELLA 700G FERRERO        KOM (Ђ),1,599.99,CIDER SOMERSBY MANDARINE 0% 0.33 KOM (Ђ),3,99.99,POMORANDZA                        KG (Е),0.984,199.99,
27.11.2023--15:44:04,27,11,2023,1,Ostojićevo-28 - Pančevački most-4 [Studentska jedan smer] (Е)                   ,1,1107,
28.11.2023--9:18:32,28,11,2023,1,Uverenje-pregled za useljenje u ustanove za kolektivni smeštaj /ком (Г)         ,1,750,
28.11.2023--10:03:14,28,11,2023,1,Domaca kafa /kom (Ђ)                    ,2,140,
02.12.2023--16:27:53,2,12,2023,2,fresh MILK&amp;HONEY teč sap1000ml (Ђ)      ,1,179,durex CLASSIC Originals 18/1 (Ђ)        ,1,1599,
05.12.2023--9:31:37,5,12,2023,1,Jednonamenski vaučer (Г)                ,1,400,
05.12.2023--11:16:50,5,12,2023,1,Jednonamenski vaučer (Г)                ,1,2750,
06.12.2023--14:22:06,6,12,2023,3,BTD-MINI8 ** Gembird USB2.0/3.0  Blu (Ђ),1,730,TG-PW-1.5** Gembird HALNZIYE HY410 T (Ђ),2,150,CCF-USB2-AMAF-6 Gembird USB 2.0 A-pl (Ђ),2,250,
08.12.2023--15:56:51,8,12,2023,1,Ostojićevo-28 - Pančevački most-4 [Studentska jedan smer] (Е)                   ,1,1107,
09.12.2023--14:22:16,9,12,2023,1,EX PREZERVATIV ROMED 144 KOM  ROM. 1 KOM [kom] (Ђ)                              ,30,16.78,
09.12.2023--19:57:10,9,12,2023,13,Dobro toaletni papir soft 10/1 3s (Ђ)   ,1,349.99,Quickbury tortilja 6/1 420 g (Е)        ,1,199.99,Polimark majonez dojpak Mayo light 280ml (Ђ)                                    ,1,139.99,Dobro Specijal kobasica 400 g (Ђ)       ,1,197.99,PASULJ CRVENI LIM. 400G POVRĆE (Ђ)      ,1,139.99,Gurman chilito opako ljuti sos20g (Ђ)   ,1,17.99,ŠARGAREPA  POVRĆE (Е)                   ,0.576,79.99,Dijamant slaninica majonez 285 ml (Ђ)   ,1,209.99,PARADAJZ  POVRĆE (Е)                    ,0.532,279.99,LIMUN     VOĆE (Е)                      ,0.208,129.99,VINO KUPINOVO 750ml ČOKA (Ђ)            ,1,559.99,CRNI LUK                        POVRĆE (Е)                                      ,0.32,69.99,Giana tuna komadi u ulju 170 g (Ђ)      ,2,199.99,
12.12.2023--9:08:37,12,12,2023,1,SECER KRISTAL 1KG /kom (Е)              ,1,136,
15.12.2023--6:11:25,15,12,2023,2,ОСТОЈИЋЕВО /ком  (Г)                    ,1,1107,Станична услуга /ком (Ђ)                ,1,190,
22.12.2023--14:23:35,22,12,2023,7,14330 - TRIM TS53 10K (Ђ)               ,1,201.53,11076 - SMDO 470R 0805 (Ђ)              ,3,0.78,20417 - SMDO 4R7 0805 (Ђ)               ,3,1.94,11601 - SMDO 3K9 0805 (Ђ)               ,3,0.78,11608 - SMDO 330K 0805 (Ђ)              ,3,0.78,20419 - SMDO 5R6 0805 (Ђ)               ,3,1.94,12914 - SMDK 68P 0805 (Ђ)               ,10,2.9,
22.12.2023--20:35:16,22,12,2023,3,202150 - Black peps. grafitna olovka. HB. Maped [KOM] (Е)                       ,2,32,131375 - Grasp. gel olovka. plava. 0.7mm [KOM] (Ђ)                              ,2,72,131376 - Grasp. gel olovka. crvena. 0.7mm [KOM] (Ђ)                             ,1,72,
22.12.2023--21:45:46,22,12,2023,4,8606029265325 MAMMA&amp;BABY VLAŽNE MARAMIC / KOM (Ђ)                               ,1,62.99,4016369726341 LACALUT AKTIV PASTA 75ML / KOM (Ђ)                                ,1,419.99,4027800015504 WILKINSON BRIJAC DOUBLE / KOM (Ђ)                                 ,1,559.99,5903933914978 LAMA SUPREME PURE CREATIN / KOM (Ђ)                               ,1,3225.99,
25.12.2023--21:51:20,25,12,2023,3,Dijamant slaninica majonez 285 ml (Ђ)   ,1,209.99,KEČAP LJUTI 1kg  BOCA POLIMARK (Ђ)      ,1,299.99,Cotton Natural t.papir 16/1 3sl (Ђ)     ,1,399.99,
09.01.2024--20:48:45,9,1,2024,3,Kronenbourg blanc pšen.pivo 500ml (Ђ)   ,1,99.99,Grekos jogurt kajsija 9% 150g (Е)       ,2,99.99,SLADOLED FRIKOM MAXIMO JOGURT&amp;Š.VOĆE 105g (Ђ)                                   ,2,150,
12.01.2024--20:19:45,12,1,2024,4,alverde gel/ tuširanje 250ml (Ђ)        ,1,219,Balea MEN pena 300ml (Ђ)                ,1,229,alverde gel/tusir. 50ml (Ђ)             ,1,95,JAKE grozdje 18g (Ђ)                    ,1,80,
20.01.2024--15:19:38,20,1,2024,2,VK::9997233292223009 (Е)                ,1,344,VK::9997233292223010 (Е)                ,1,344,
25.01.2024--12:55:39,25,1,2024,2,Ton komp CF279H (Ђ)                     ,1,1100,Ton komp Q2612X (Ђ)                     ,1,950,
29.01.2024--12:15:05,29,1,2024,1,A_SUDO MASINA LC12A15BIXE VOX (Ђ)       ,1,31491,
31.01.2024--17:10:56,31,1,2024,2,TRI0134-ROWENTA TRIMER TN1603/KOM (Ђ)   ,1,2581,USL0058-USLUGE DOSTAVE/KOM (Ђ)          ,1,300,
01.02.2024--12:33:40,1,2,2024,1,Jednonamenski vaučer (Г)                ,1,600,
01.02.2024--13:56:25,1,2,2024,11,Bomb.voc.punj.kart.disp.Pez 9g/KOM (Ђ)  ,4,29.99,Pez dextrose rolls malina 39g/KOM (Ђ)   ,1,89.99,Toalet papir Maxi 16/1 3sl/KOM (Ђ)      ,1,514.99,Ketler za vodu WH-103WB/KOM (Ђ)         ,1,1499,Energ.nap.Guarana Joker 0.25l/KOM (Ђ)   ,6,35.99,Guarana Joker mango 0.25l/KOM (Ђ)       ,2,59.99,Chipsy rebrasti slani 280g/KOM (Ђ)      ,1,156.99,Ulozak univerzalni V100-15 3/1/KOM (Ђ)  ,2,799.99,Ulosci Libresse normal duo20/1/KOM (Ђ)  ,1,199.99,Ananas kolutovi Gustona 565g/KOM (Ђ)    ,1,322.99,Lepak super bond Henkel 3g/KOM (Ђ)      ,1,119.99,
30.01.2024--15:52:30,30,1,2024,1,Ostojićevo-28 - Pančevački most-4 [Studentska jedan smer] (Е)                   ,1,1107,
30.01.2024--19:11:51,30,1,2024,2,04026 FERVEX granule za odrasle    BMF (Е)                                      ,1,607.38,04830 CINK-SELEN tbl.         100k ANA (Ђ)                                      ,1,525.6,
04.02.2024--18:04:04,4,2,2024,4,PARADAJZ GRCKA  [KGR] (Е)               ,0.418,379.99,MLEKO KISELO 3.2% M.M. CASA 180GR DUKAT  [KOM] (Е)                              ,2,39.99, PAVLAKA KISELA 20%KRAVICA 180ML CASA IMLEK  [KOM] (Ђ)                          ,1,91.99,KINDER JAJE 20GR LEI FERRERO  [KOM] (Ђ) ,1,114.99,
05.02.2024--20:17:54,5,2,2024,6,ŠARGAREPA  POVRĆE (Е)                   ,0.68,59.99,Dis velika potrošacka kesa bela (Ђ)     ,1,13.99,Dobro jaja L grupa 10/1 (Е)             ,1,244.99,Limes kom (Е)                           ,2,69.99,Avokado kom (Е)                         ,1,129.99,Nutella krem 700g (Ђ)                   ,1,599.99,
19.01.2024--14:19:15,19,1,2024,3,DUNAVSKI HLEB REZANI 500GR- AS STANKOVIC/KOM (Е)                                ,1,89.99,NOBLICE KAKAO 350G/KOM (Ђ)              ,1,189.99,PRŽENA KAFA U ZRNU/KG (Ђ)               ,0.5,1139.98,
15.02.2024--11:40:31,15,2,2024,23,Tomatelo pasirani paradajz 500 ml (Ђ)   ,1,79.99,Dis velika potrošacka kesa bela (Ђ)     ,2,13.99,SPIRALA 400g  VIT.  61   DANUBIUS (Ђ)   ,1,69.99,BRAŠNO MEKO T-400 1kg.DANUBIUS (Е)      ,1,59.99,CRNI LUK                        POVRĆE (Е)                                      ,0.49,79.99,Fairy za posuđe limun 450 ml (Ђ)        ,1,179.99,Reggia spaghettini di Caserta 500g (Ђ)  ,1,99.99,VINO KUPINOVO 750ml ČOKA (Ђ)            ,1,449.99,ORIGANO 3g  MORAVKA PRO (Ђ)             ,1,14.99,Dobro goveđa kocka 40 g (Ђ)             ,2,59.99,BELI LUK -RINFUZ  POVRĆE             -1 (Е)                                     ,0.064,399.99,Dobro jaja L grupa 30/1 (Е)             ,30,21.99,Kravica PZK 500ml+Tomatello 500ml (Ђ)   ,1,249.99,Linea Casa sunđer 2/1 (Ђ)               ,1,54.99,Dijamant slaninica majonez 285 ml (Ђ)   ,1,169.99,Dijamant ulje suncokretovo 1 l (Е)      ,1,149.99,Indomie nudle ukus Piletine 700g 10kom (Ђ)                                      ,1,279.99,BIBER MLEVENI 10G C  30 (Ђ)             ,1,72.99,Alpha kvasac 42 g (Ђ)                   ,1,59.99,Guarana Joker energ. piće 500ml (Ђ)     ,1,99.99,ŠARGAREPA  POVRĆE (Е)                   ,0.516,69.99,Krompir beli  kg (Е)                    ,1.036,99.99,Dobro sečeni crni hleb 450g (Е)         ,1,79.99,
17.02.2024--16:47:19,17,2,2024,1,VK::1512240101448616 (Е)                ,1,430,
17.02.2024--16:47:19,17,2,2024,1,VK::1512240101448616 (Е)                ,1,430,
25.02.2024--17:24:36,25,2,2024,13,Dobro truleks krpa 16x16 cm 3/1 (Ђ)     ,1,119.99,Dobro šećer kristal beli 1 kg (Е)       ,1,107.99,NAPITAK ŠUMSKO VOĆE 2L VOĆNE KAPI (Ђ)   ,1,179.99,Duel compact jorgovan 10kg (Ђ)          ,1,1499.99,Nivea sapun zeleni caj&amp;krastavac 90 g (Ђ)                                       ,2,89.99,Dobro kukuruz šećerac smrznuti 450 g (Е),1,173.99,Mlekara Pančevo kisela pavlaka 20% mm 700g (Ђ)                                  ,1,249.99,Viči surimi štapići kraba 100g (Ђ)      ,4,59.99,Moja Kravica milk shake jagoda 235ml TB (Е)                                     ,1,69.99,KOKICE MOGYI MICRO POP MASLAC 100G (Ђ)  ,1,134.99,Fino žica metalna 2/1 (Ђ)               ,1,119.99,Moja Kravica cokoladno mleko 250 ml (Е) ,1,62.99,Ultra energy 500 ml (Ђ)                 ,1,96.99,
27.02.2024--20:22:54,27,2,2024,2,ROMED KONDOMI A144/KUT (Ђ)              ,0.208,3019.5,BRUFEN FILM TABL.30X400MG/KUT (Е)       ,1,331.24,
27.02.2024--20:31:36,27,2,2024,3,ZAJECARSKO PIVO 2L PET/KOM (Ђ)          ,2,269.9,COK. LESNIK COCOA &amp; CRUNCHY 100GR PIONIR/KOM (Ђ)                                ,1,79.99,KESA SREDNJA SCB/KOM (Ђ)                ,1,14.9,
28.02.2024--16:53:01,28,2,2024,7,Kikiriki marinirani Gud 180g/KOM (Ђ)    ,1,214.99,Cackalice okr.Samurai 500kom./KOM (Ђ)   ,1,174.99,Kokice za mikrot.slane 100g/KOM (Ђ)     ,2,56.99,Hleb beli seceni TOI 500g/KOM (Е)       ,1,83.99,Cips Chipsy slani 230g/KOM (Ђ)          ,1,219.99,Pivo svet.Zajecarsko 0.5l RGB/KOM (Ђ)   ,6,72.99,Boca pivska Zajecarsko 0.5L/KOM (Ђ)     ,6,30.92,
29.02.2024--20:18:14,29,2,2024,5,set posuda Get fresh/kom (Ђ)            ,1,350,30 kom. kese za smeć/kom (Ђ)            ,1,180,30 kom. kese za smeć/kom (Ђ)            ,1,180,40 kom. ST papirne v/kom (Ђ)            ,1,200,Tacna za led sa pokl/kom (Ђ)            ,1,150,
29.02.2024--20:37:57,29,2,2024,1,4WAM00014HW047 COATS ANOR S (Ђ)         ,1,4990,
29.02.2024--20:55:16,29,2,2024,2,685000101 PUR PENA NISKOEKSP. 300ML KOM (Ђ)                                     ,1,341,0573534 MERNA TRAKA 3M X 16MM KOM (Ђ)   ,1,179,
29.02.2024--21:35:46,29,2,2024,10,Dobro jaja L grupa 10/1 (Е)             ,1,229.99,Medela štrudle kajsija 240g (Ђ)         ,1,119.99,Frikom smrznuti grašak 700g (Е)         ,1,239.99,Spm bosiljak 30 g (Ђ)                   ,1,66.99,Sveže pile grill (Е)                    ,2.566,339.99,Dobro brašno T-500 1 kg (Е)             ,1,49.99,Dobro palenta 500 g (Ђ)                 ,1,69.99,Gold mlevena paprika slatka 100 g (Ђ)   ,1,149.99,Lučar Ovsene pahuljice 250 g (Ђ)        ,1,59.99,Pastir sitan sir 10%m.m. 400g (Ђ)       ,1,249.99,
01.03.2024--8:34:50,1,3,2024,1,VK::3017240101447769 (Е)                ,1,430,
03.03.2024--21:02:05,3,3,2024,1,VK::3054240631808081 (Е)                ,1,430,
22.02.2024--16:53:38,22,2,2024,1,Pribor za kuhanje/kom (Ђ)               ,1,300,
02.03.2024--14:59:42,2,3,2024,8,dm papirna kesa mala 1/1 (Ђ)            ,1,13,Profissimo sunđer 6kom (Ђ)              ,1,229,Innamore Day 20 (Ђ)                     ,1,279,alverde gel/t. F. 300ml (Ђ)             ,1,259,alverde los./tel. 250ml (Ђ)             ,1,269,Jake Vitaminca. Ananas 15/1 b. (Ђ)      ,1,73,Gerbi gam. dokolenica (Ђ)               ,1,189,JAKE breskva 18g (Ђ)                    ,1,80,
07.03.2024--13:52:27,7,3,2024,1,SPAGHETTI 500G REGGIA/KOM (Ђ)           ,2,99.99,
07.03.2024--13:53:12,7,3,2024,2,FILO ZA KUVANJE 500ML/KOM (Ђ)           ,1,1,FILO ZA KUVANJE 500ML/KOM (Ђ)           ,1,239.9,
07.03.2024--13:53:26,7,3,2024,1,KESA SREDNJA SCB/KOM (Ђ)                ,1,14.9,
07.03.2024--14:07:59,7,3,2024,2,Kokice za mikrot.puter FC 100g/KOM (Ђ)  ,2,56.99,Mutti koncentrovani paradajz u/KOM (Ђ)  ,1,329.99,
14.03.2024--20:54:33,14,3,2024,1,VK::3005240101448508 (Е)                ,1,430,
15.03.2024--16:08:15,15,3,2024,18,Ananas. rinfuz/KG/0080610 (Е)           ,1.262,229.99,Toal.pap.breskva/KOM/7001545 (Ђ)        ,1,335.99,Jabuka crvena/KG/0080220 (Е)            ,1.038,59.99,Smrznuti grašak/KOM/0233538 (Е)         ,1,219.99,Smrznuti mix za đuve/KOM/0233550 (Е)    ,1,99.99,Grejpfrut/KG/0080040 (Е)                ,0.406,99.99,Celer koren/KG/0082720 (Е)              ,0.618,99.99,C Senf/KOM/0232737 (Ђ)                  ,1,179.99,Origano/KOM/7004204 (Ђ)                 ,1,28.99,Semena povrća/KOM/0079959 (Е)           ,1,39.99,Semena povrća/KOM/0079959 (Е)           ,1,39.99,Cvekla. rinfuz/KG/0082815 (Е)           ,0.458,69.99,Šargarepa/KG/0082755 (Е)                ,1.334,69.99,Pomorandže/KG/0080135 (Е)               ,0.866,149.99,Krompir beli/KG/0083215 (Е)             ,1.36,89.99,Đumbir. rinfuz/KG/0082700 (Ђ)           ,0.102,729.9,Prašak za pecivo/KOM/0215921 (Ђ)        ,1,94.99,Deo roler pure fresh/KOM/0200527 (Ђ)    ,1,148.99,
17.03.2024--11:12:28,17,3,2024,10,ZELENA SALATA        POVRĆE (Е)         ,1,24.99,KEČAP LJUTI 1kg  BOCA POLIMARK (Ђ)      ,1,299.99,Dobro kukuruz šećerac smrznuti 450 g (Е),1,129.99,PARADAJZ GURMAN 500g-tetrapak MIN-COMMERCE (Ђ)                                  ,1,79.99,Mlekara Pančevo kisela pavlaka 20% mm 700g (Ђ)                                  ,1,279.99,Pasulj Beli krupni (Tetovac) (Е)        ,0.348,439.99,ŠARGAREPA  POVRĆE (Е)                   ,0.49,69.99,CRNI LUK                        POVRĆE (Е)                                      ,0.57,79.99,PAŠKANAT  POVRĆE (Е)                    ,0.176,299.99,Dis velika potrošacka kesa bela (Ђ)     ,1,14.99,
18.03.2024--11:42:17,18,3,2024,1,001 Domaca kafa (А)                     ,2,80,
18.03.2024--13:41:22,18,3,2024,4,AL.TIG. ZA PAL.25 MAGIJA CRVENI d.k (Ђ) ,1,712,INOX DU.SE.24/6.1 A/E SA PO.GRACIA (Ђ)  ,1,6399,INOX TIG.24/2.3 SA PO.GRACIA (Ђ)        ,1,5439,Transport (Ђ)                           ,300,1,
25.03.2024--13:38:19,25,3,2024,6,SAKSIJA13 /KOM (Ђ)                      ,1,250,SAKSIJA13 /KOM (Ђ)                      ,1,250,PODMETAC02 /KOM (Ђ)                     ,1,100,KUHINJSKI PR. 03 /KOM (Ђ)               ,1,150,LJUSTILICA 05 /KOM (Ђ)                  ,1,120,KREAT.SET13 /KOM (Ђ)                    ,1,300,
25.03.2024--14:16:47,25,3,2024,7,Sargarepa domaca/KG (Е)                 ,0.886,69.99,Majonez light Polimark 280ml/KOM (Ђ)    ,1,113.99,Luk crni mladi Srebrenjak/KOM (Е)       ,2,39.99,Rotkvice veza domaca/KOM (Е)            ,2,39.99,Psen.brasno T400 gl.Maxi 1kg/KOM (Е)    ,1,54.99,Krompir beli domaci/KG (Е)              ,2.086,89.99,Sampinjoni domaci 200g Maxi Pi/KOM (Е)  ,1,65,
25.03.2024--15:25:35,25,3,2024,6,Hleb Cxtra beli Maxi p.500g/KOM (Е)     ,1,53.99,Soja sos Pemy 285ml/KOM (Ђ)             ,1,359.99,Mandarina/KG (Е)                        ,0.798,139.99,Luk crveni/KG (Е)                       ,0.284,189.99,Luk crni domaci/KG (Е)                  ,0.862,78.99,Pomorandza pakovana komad/KOM (Е)       ,1,119.99,
26.03.2024--21:48:15,26,3,2024,3,Balea krema/telo 500ml (Ђ)              ,1,399,Denkmit so/mas.sud.2kg (Ђ)              ,1,169,Cinkvitamin kre za lice 20g (Ђ)         ,1,199,
27.03.2024--12:03:19,27,3,2024,1,Aranzman (А)                            ,1,400,
28.03.2024--15:27:57,28,3,2024,27,Ananas. rinfuz/KG/0080610 (Е)           ,1.236,219.99,Šargarepa/KG/0082755 (Е)                ,1.158,79.99,Smrznuti mix za čorb/KOM/0233549 (Е)    ,1,99.99,Kupus. rinfuz/KG/0082955 (Е)            ,1.51,59.99,Agropak Krup.beli pasulj/7002639 (Е)    ,1,395.99,Crni biber u zrnu/KOM/0226040 (Ђ)       ,1,34.99,Čokolada za kuvanje/KOM/0225498 (Ђ)     ,1,329.99,Pirinač dugo zrno/KOM/0225412 (Е)       ,1,149.99,Suvi kvasac/KOM/0215972 (Ђ)             ,1,26.99,Spirala Cavatappi-vitam./KOM/7008632 (Ђ),1,69.99,Spirala Cavatappi-vitam./KOM/7008632 (Ђ),1,69.99,Energetsko piće Clas/KOM/0206125 (Ђ)    ,1,72.99,Energetsko piće Clas/KOM/0206125 (Ђ)    ,1,72.99,Nugat jastučići/KOM/0224043 (Ђ)         ,1,269.99,Kiselo mleko 0.5 %/KOM/0241363 (Е)      ,1,39.99,Kiselo mleko 0.5 %/KOM/0241363 (Е)      ,1,39.99,Suvi kvasac/KOM/0215972 (Ђ)             ,1,26.99,Suvi kvasac/KOM/0215972 (Ђ)             ,1,26.99,Rotkvica. veza/KOM/0082275 (Е)          ,2,39.99,Beli luk u granulama/KOM/0216555 (Ђ)    ,1,129.99,Cimet. mleveni/KOM/0216548 (Ђ)          ,1,129.99,Uniferm kvasac/KOM/0202267 (Ђ)          ,1,34.99,Kak. krem tabla/KOM/0241114 (Ђ)         ,1,127.99,Bela čokolada/KOM/0202036 (Ђ)           ,1,104.99,Kikiriki puter/KOM/0229395 (Ђ)          ,1,449.99,Beli luk/KG/0082705 (Е)                 ,0.106,499.99,Banane. rinfuz/KG/0080000 (Е)           ,1.214,189.99,
01.04.2024--15:53:34,1,4,2024,2,Knjaz Milos 0.5l (Ђ)                    ,1,49.99,SOFT TUCH ST.ZA USI 200/1 KUT (Ђ)       ,1,119.99,
05.04.2024--11:33:20,5,4,2024,4,KABL GGJ 3X2.5 (Ђ)                      ,1,260,KABL GGJ 3X2.5 (Ђ)                      ,1,260,UTIK.S-II 285 (Ђ)                       ,1,250,PRIKLJ.OG S-II 460P (Ђ)                 ,2,380,
06.04.2024--16:50:16,6,4,2024,8,Kuk.secerac brzo smrz.Maxi 1kg/KOM (Е)  ,1,229.99,Psenicno brasno T500 Maxi1kg/KOM (Е)    ,4,49.99,Psen.brasno T400 gl.Maxi 1kg/KOM (Е)    ,1,54.99,Ulje suncokretovo Maxi 1l/KOM (Е)       ,2,119,Kecap Ljuti Polimark 1kg/KOM (Ђ)        ,1,299.99,Kvasac svezi Alpha 42g/KOM (Ђ)          ,2,64.99,Maslina zel.bez kos.Maxi700g/KOM (Ђ)    ,1,419.99,Secer kristal Crvenka 1kg/KOM (Е)       ,1,113.99,
13.04.2024--14:20:20,13,4,2024,4,0109244 SIJALICA LED 5W/400LM E27 6500K KOM (Ђ)                                 ,1,130,0109245 SIJALICA LED 8W/720LM E27 6500K KOM (Ђ)                                 ,1,195,0290817 KONEKTOR-LUSTER KLEME 6/XII KOM (Ђ)                                     ,1,69,0290818 KONEKTOR-LUSTER KLEME 10/XII KOM (Ђ)                                    ,1,89,
13.04.2024--14:23:08,13,4,2024,1,0550015 DISKONEKTOR IZOL. KUKA O 2.3MM/O 4.3MM X 7 KOM (Ђ)                      ,6,7,
13.04.2024--14:25:10,13,4,2024,2,Vrata za kadu15x15 ojacana (Ђ)          ,1,650,Prekidac jednopolni preg (Ђ)            ,1,220,
15.04.2024--20:17:49,15,4,2024,3,FD BELA COKOLADA 250GR/18KOM/KOM (Ђ)    ,1,199.99,STAPICI SA SUSAMOM I MAKOM 190GR/KOM (Ђ),1,239.99,PRŽENA KAFA U ZRNU/KG (Ђ)               ,0.5,1139.98,
16.04.2024--16:24:20,16,4,2024,4,Bukovaca pak. 250 g (Е)                 ,1,179.99,Lenor spring awakening 2x1.625l (Ђ)     ,1,749.99,Dobro šampinjoni sveži pakovanje 400 g (Е)                                      ,1,179.99,Mama s proizvod na bazi biljne masti kg (Ђ)                                     ,0.488,649.99,
16.04.2024--16:43:00,16,4,2024,3,116010 - G-1000. gel olovka. plava. 0.7mm [KOM] (Ђ)                             ,6,21.5,196154 - Voice. roler olovka. plava. M. roze. Schneider [KOM] (Ђ)               ,1,361.99,131260 - Inx. patrone za naliv pero. plava. 6K [KOM] (Ђ)                        ,1,51,
16.04.2024--18:01:39,16,4,2024,10,Avokado. komad/KOM/0080616 (Е)          ,2,109.99,Limun. rinfuz/KG/0080160 (Е)            ,0.18,129.99,Luk crni/KG/0083325 (Е)                 ,0.536,59.99,Čokolada za kuvanje/KOM/0225498 (Ђ)     ,1,329.99,Šargarepa/KG/0082755 (Е)                ,1.186,49.99,Spanać. 300g/0083763 (Е)                ,1,139.99,Mandarine/KG/0080100 (Е)                ,1.02,89.99,Paradajz koncentrova/KOM/0208982 (Ђ)    ,1,199.99,Nugat jastučići/KOM/0224043 (Ђ)         ,1,269.99,Kačkavalj krstaš 45%/KOM/0226150 (Ђ)    ,1,519.99,
17.04.2024--13:14:55,17,4,2024,9,Smrz.mes.djuvec Premia 450g/KOM (Е)     ,1,114.99,Maslina zel.bez kos.Maxi700g/KOM (Ђ)    ,1,249.99,Hleb Cxtra beli Maxi p.500g/KOM (Е)     ,1,53.99,Celer koren pijaca S/KG (Е)             ,0.736,119.99,Jabuka Zlatni delises/KG (Е)            ,1.048,99.99,Luk crni domaci/KG (Е)                  ,0.598,99.99,Bio rukola 90g/KOM (Е)                  ,1,90,Paradajz ceri daterino 250g/KOM (Е)     ,1,149.99,Jagoda 250g/KOM (Е)                     ,1,119.99,
19.04.2024--18:55:36,19,4,2024,6,Vino aromatizovano Sangria 1L/KOM (Ђ)   ,1,329.99,Krp.za upij.boja Home Premia20/KOM (Ђ)  ,1,179.99,Pivo svet.Zajecarsko 0.5l RGB/KOM (Ђ)   ,6,69.99,Boca pivska Zajecarsko 0.5L/KOM (Ђ)     ,6,30.92,Kikiriki marinirani Gud 180g/KOM (Ђ)    ,1,179.99,Blaznice Premia 100 1/KOM (Ђ)           ,1,99.99,
21.04.2024--11:26:22,21,4,2024,11,ŽU-ŽU MARIJA  600g    KL2 (Е)           ,1,219.99,ŠARGAREPA  POVRĆE (Е)                   ,0.626,89.99,HLEB BELI 500G NAŠE ZRNO (Е)            ,1,54,Reggia testenina spaghetti 500 g (Ђ)    ,1,89.99,Reggia spaghettini di Caserta 500g (Ђ)  ,2,89.99,ŠPAGETI  REGGIA BUCATINI 500g  (15) (Ђ) ,1,89.99,TIKVICA   POVRĆE (Е)                    ,0.874,129.99,Dobro kocka od povrća za supu 40g (Ђ)   ,1,59.99,Dobro šampinjoni sveži pakovanje 400 g (Е)                                      ,1,179.99,Bukovaca pak. 250 g (Е)                 ,1,179.99,ZELENA SALATA        POVRĆE (Е)         ,1,34.99,
26.04.2024--8:29:22,26,4,2024,1,ROL VIRSLA (Е)                          ,1,130,
26.04.2024--16:22:44,26,4,2024,37,Pastr. očišć. /KOM/7012803 (Е)          ,0.559,899.99,Smrznuti mix za đuve/KOM/0233550 (Е)    ,1,134.99,Smrznuti kukuruz šeć/KOM/0265312 (Е)    ,1,219.99,Smrznuti mix za đuve/KOM/0233550 (Е)    ,1,134.99,Limun. rinfuz/KG/0080160 (Е)            ,0.344,129.99,Brašno tip 500/KOM/0225497 (Е)          ,1,49.99,Rukola. 125g/KOM/0082135 (Е)            ,1,149.99,Mešavina začina/KOM/0210883 (Ђ)         ,1,249.99,Pasirani paradajz/KOM/0261601 (Ђ)       ,1,76.99,Pasirani paradajz/KOM/0261601 (Ђ)       ,1,76.99,Kikiriki puter/KOM/0229395 (Ђ)          ,1,449.99,Jagode. 250g/KOM/0080801 (Е)            ,1,139.99,Jagode. 250g/KOM/0080801 (Е)            ,1,139.99,Fileti skuše u ulju/KOM/0232451 (Ђ)     ,1,219.99,Tunj.kom. u s.soku/KOM/0229669 (Ђ)      ,1,189.99,Tunj.kom. u s.soku/KOM/0229669 (Ђ)      ,1,189.99,Šampinjoni 400g/KOM/0083017 (Е)         ,2,179.99,Celo pile/KG/0227777 (Е)                ,1.77,189.99,Ins.kafa Classic/KOM/7008651 (Ђ)        ,1,549.99,Šargarepa/KG/0082755 (Е)                ,0.71,89.99,Pirinač dugo zrno/KOM/0225412 (Е)       ,1,149.99,Uniferm kvasac/KOM/0202267 (Ђ)          ,1,34.99,Kralj. pol. sir/KOM/7006410 (Ђ)         ,1,799.99,Krastavac komad/KOM/0082231 (Е)         ,2,39.99,Topljeni sendvič lis/KOM/0226192 (Ђ)    ,1,369.99,Pasulj gradištanac/KOM/0226128 (Е)      ,1,185.99,Org. tofu dimljeni/KOM/0235992 (Ђ)      ,1,139.99,Org. tofu Bosiljak/KOM/0235992 (Ђ)      ,1,139.99,BIO tofu/KOM/0252581 (Ђ)                ,1,139.99,Mlečna čokolada/KOM/0200487 (Ђ)         ,1,94.99,Mlečna čokolada/KOM/0200487 (Ђ)         ,1,94.99,Toal.pap.breskva/KOM/7001545 (Ђ)        ,1,319.99,Čokolada za kuvanje/KOM/0225498 (Ђ)     ,1,329.99,Slata puterica/KOM/0082071 (Е)          ,1,49.99,Beli luk/KG/0082705 (Е)                 ,0.11,529.99,Luk crni/KG/0083325 (Е)                 ,1.304,99.99,Ananas. rinfuz/KG/0080610 (Е)           ,1.39,199.99,
01.05.2024--20:04:50,1,5,2024,1,Beograd - Kikinda /ком (Е)              ,1,1200,
08.05.2024--13:24:48,8,5,2024,1,PRŽENA KAFA U ZRNU/KG (Ђ)               ,0.5,1199.98,
09.05.2024--13:36:43,9,5,2024,11,TRANZISTOR FQP9N50C (Ђ)                 ,9,144,KALEM ZA FERITNO JEZGRO ETD49 WE-3701H (Ђ)                                      ,1,420,FERITNO JEZGRO ETD49-3C94 (Ђ)           ,1,396,INDUKTIVNOST CH6080 4.7µH (Ђ)           ,10,28.08,OTPORNIK METALOSLOJNI 2W 1% 10R (Ђ)     ,20,10.8,INTEGRISANO KOLO LM 324 N (Ђ)           ,2,48,FERITNI PRSTEN TN10/6-3E25 (Ђ)          ,2,57.6,KABL HDMI muški > HDMI muški 2m (Ђ)     ,1,396,KABL UTIKAČ 3.5 S / 2X ČINČ M 1.5m (Ђ)  ,1,180,KABL UTIKAČ 3.5 S > UTIKAČ 3.5 S 1m (Ђ) ,1,180,PREFAKTURISANI TROŠKOVI ISPORUKE (Ђ)    ,1,396,
13.05.2024--17:02:41,13,5,2024,1,mindjuse 4 (А)                          ,1,300,
13.05.2024--18:23:47,13,5,2024,1,Slatka komb. 12 (Ђ)                     ,1,850,
15.05.2024--17:03:41,15,5,2024,2,Mirinda Pomorandza PET 0.5L (Ђ)         ,1,74.99,Knjaz Milos 0.5l (Ђ)                    ,1,49.99,
15.05.2024--17:42:17,15,5,2024,19,Paradajz/KG/0082480 (Е)                 ,0.52,189.99,Kralj. pol. sir/KOM/7006410 (Ђ)         ,1,799.99,Sveže mleko 2.8% m.m/KOM/0225530 (Е)    ,1,119.99,Baby spanać. 125g/KOM/0082193 (Е)       ,1,139.99,Pomorandže/KG/0080135 (Е)               ,1.058,109.99,Moja Kr. kis. mleko 2.8%/KOM/7128712 (Е),1,35.99,Tikvica bela/KG/0082353 (Е)             ,1.968,99.99,Luk crni/KG/0083325 (Е)                 ,1.434,99.99,Moja Kr. kis. mleko 2.8%/KOM/7128712 (Е),1,35.99,Moja Kr. kis. mleko 2.8%/KOM/7128712 (Е),1,35.99,Grčki jogurt/KOM/0221441 (Е)            ,1,139.99,Smrznuti mix za đuve/KOM/0233550 (Е)    ,1,134.99,Smrznuti mix za đuve/KOM/0233550 (Е)    ,1,134.99,Šampinjoni. rinfuz/0083014 (Е)          ,0.48,229.99,Ovsene pahuljice - s/KOM/0253819 (Ђ)    ,1,119.99,Krastavac/KG/0082225 (Е)                ,1.274,119.99,Ovsene pahuljice - s/KOM/0253819 (Ђ)    ,1,119.99,Šargarepa/KG/0082755 (Е)                ,1.614,89.99,Ananas kolutovi/KOM/0224303 (Ђ)         ,1,319.99,
01.05.2024--20:05:05,1,5,2024,1,Beograd - Kikinda /ком (Е)              ,1,1200,
19.05.2024--11:03:29,19,5,2024,3,NIVEA GEL/LICE 150ML (Ђ)                ,1,549,Balea jastučići / očiju 2kom (Ђ)        ,1,119,MIZON Good Bye Bl pečevi 44kom (Ђ)      ,1,619,
20.05.2024--16:34:36,20,5,2024,1,EX PREZERVATIV ROMED 144 KOM  ROM. 1 KOM [kom] (Ђ)                              ,30,15.75,
21.05.2024--13:14:48,21,5,2024,23,TRANZISTOR FQP6N90C (Ђ)                 ,13,216,FERITNO JEZGRO ETD49-3C94 (Ђ)           ,1,396,RASTER PLOČA JEDNOSTRANA Tip 2   75X100 (Ђ)                                     ,2,156,KABL.BUŽIR SILIKONSKI 1 mm/MET (Ђ)      ,1,48,KABL.BUŽIR SILIKONSKI 2 mm/MET (Ђ)      ,1,54,KABL.BUŽIR SILIKONSKI 4 mm/MET (Ђ)      ,1,72,KOMPLET TERMO BUŽIRA - BELI/PAK (Ђ)     ,1,360,KABLOVSKA STOPICA-HILZNA 1.0 CRVENA (Ђ) ,10,2.16,KABLOVSKA STOPICA-HILZNA 0.75 SIVA (Ђ)  ,10,2.16,KABL.STOPICA IZOL.VILJUŠKA 4-1 (Ђ)      ,10,6.48,OTPORNIK METALOSLOJNI 0.6W 1% 100R (Ђ)  ,10,3.24,OTPORNIK METALOSLOJNI 0.6W 1% 10K (Ђ)   ,10,3.24,OTPORNIK METALOSLOJNI 0.6W 1% 1K (Ђ)    ,10,3.24,OTPORNIK METALOSLOJNI 0.6W 1% 20K (Ђ)   ,10,4.32,INTEGRISANO KOLO LM 324 N (Ђ)           ,2,48,KABLOVSKA VEZICA BELA 2.5x150 mm (Ђ)    ,20,2.16,KABL.STOPICA IZOLOVANA OKASTA 4-2 (Ђ)   ,20,6.48,KABLOVSKA STOPICA-HILZNA 0.50 BELA (Ђ)  ,10,3.24,KABLOVSKA STOPICA-HILZNA 2.5 PLAVA (Ђ)  ,10,2.7,KABLOVSKA STOPICA-HILZNA 1.5 CRNA (Ђ)   ,10,2.16,KABL.BUŽIR SILIKONSKI 3 mm/MET (Ђ)      ,1,60,KABLOVSKA VEZICA BELA 2.5x100 mm (Ђ)    ,20,1.62,SUNĐER ZA VRH LEMILICE - MESINGANI (Ђ)  ,1,576,
22.05.2024--15:12:54,22,5,2024,1,Denkmit det./sud. 1.5kg (Ђ)             ,1,599,
04.06.2024--16:24:52,4,6,2024,22,Muške čarape/KOM/0371016 (Ђ)            ,1,499.99,Tortilja wraps/KOM/0202119 (Ђ)          ,1,169.99,Uniferm kvasac/KOM/0202267 (Ђ)          ,2,34.99,Tortilja wraps/KOM/0202119 (Ђ)          ,1,169.99,Brašno tip 500/KOM/0225497 (Е)          ,1,49.99,Brašno tip 500/KOM/0225497 (Е)          ,1,49.99,Topljeni sendvič lis/KOM/0226192 (Ђ)    ,1,369.99,Ementaler sir nareza/KOM/0224854 (Ђ)    ,1,259.99,Brašno tip 400/KOM/0225554 (Е)          ,1,54.99,Šargarepa/KG/0082755 (Е)                ,0.484,89.99,Brašno tip 500/KOM/0225497 (Е)          ,1,49.99,Pirinač dugo zrno/KOM/0225412 (Е)       ,1,149.99,Šampinjoni. rinfuz/0083014 (Е)          ,1.002,329.99,Coca Cola/KOM/0213091 (Ђ)               ,1,169.99,Slad.sta.jagoda kri./KOM/0242377 (Ђ)    ,1,94.99,Slad.sta.jagoda kri./KOM/0242377 (Ђ)    ,1,94.99,Kokice maslac/KOM/0227070 (Ђ)           ,1,149.99,Kralj. pol. sir/KOM/7006410 (Ђ)         ,1,799.99,Kralj. pol. sir/KOM/7006410 (Ђ)         ,1,799.99,Spirala Cavatappi-vitam./KOM/7008632 (Ђ),1,69.99,Salvete troslojne/KOM/0200558 (Ђ)       ,1,109.99,Set za šivenje/KOM/0406855 (Ђ)          ,1,699.99,
05.06.2024--21:10:43,5,6,2024,5,4 kom. čaša visokih /kom (Ђ)            ,1,450,Set 6 kašika/kom (Ђ)                    ,1,450,set od dve posude S&amp;/kom (Ђ)            ,1,180,stakleni bokal 1200 /kom (Ђ)            ,1,300,činijica od dolomita/kom (Ђ)            ,1,300,
05.06.2024--21:20:15,5,6,2024,3,196470 - Ink. patrone za naliv pero. crna. 6K. Schneider [KOM] (Ђ)              ,1,95,622801 - Pop brush Abbott. četkica. ravna. široka. natural. br. 1 [KOM] (Ђ)     ,1,114,486126 - Starfish. fotokopirni papir. A4. 80g [KOM] (Ђ)                         ,1,399,
07.06.2024--11:20:22,7,6,2024,1,Перонска карта /ком (Ђ)                 ,2,220,
07.06.2024--11:34:12,7,6,2024,1,Beograd - Kikinda /ком (Е)              ,1,1080,
07.06.2024--11:34:27,7,6,2024,1,Beograd - Kikinda /ком (Е)              ,1,1080,
07.06.2024--12:22:51,7,6,2024,2,FINXXACCKTP70000-KTP7 TEMPERATURE PROBE FOR DMM/KOM (Ђ)                         ,1,1699.2,SHEXXSGSDG1032X0-SDG 1032X FUNCTION/ARBITRARY GENERATOR/KOM (Ђ)                 ,1,40922.4,
08.06.2024--12:40:41,8,6,2024,2,Kikinda - Beograd /ком (А)              ,1,770,Станична услуга /ком (Ђ)                ,1,50,
08.06.2024--12:40:53,8,6,2024,2,Kikinda - Beograd /ком (А)              ,1,770,Станична услуга /ком (Ђ)                ,1,50,
11.06.2024--21:08:15,11,6,2024,5,Knjaz Milos 1l(KOM) (Ђ)                 ,1,300,Lepinja(KOM) (Ђ)                        ,2,80,Pomfrit 250g(POR) (Ђ)                   ,1,250,Pileci batak 400g.(POR) (Ђ)             ,2,800,Sopska 300g(POR) (Ђ)                    ,1,380,
13.06.2024--8:43:59,13,6,2024,11,Tort.chips ljuti Maxi 200g/KOM (Ђ)      ,1,84,Coca-Cola 1.5 PCT/KOM (Ђ)               ,1,134.99,Blaznice Premia 100 1/KOM (Ђ)           ,1,89.99,Luk crni domaci/KG (Е)                  ,0.812,69.99,Majonez Classic Dijamant 540ml/KOM (Ђ)  ,1,249.99,Luk beli/KG (Е)                         ,0.084,529.99,Kis.pavl.20% Moja Kravica 400g/KOM (Ђ)  ,1,159.99,Slani stapici TriK 200g/KOM (Ђ)         ,2,84.99,Krastavac domaci/KG (Е)                 ,0.946,99.99,Paradajz/KG (Е)                         ,0.394,139,Domaci pil.batak i karabatak/KG (Е)     ,0.578,414.99,
13.06.2024--19:04:05,13,6,2024,2,Knjaz Milos (Ђ)                         ,2,160,Kokice XL  (Ђ)                          ,1,420,
13.06.2024--19:04:09,13,6,2024,1,Karta 926084 (Е)                        ,2,570,
19.06.2024--18:02:39,19,6,2024,1,PAMUK DEZEN                               14075011804 / komad (Ђ)               ,1,1799,
19.06.2024--18:03:13,19,6,2024,1,FARMERKE                                  17575234134 / komad (Ђ)               ,1,3999,
19.06.2024--18:04:26,19,6,2024,1,DEZEN K/R                                 03770695103 / komad (Ђ)               ,1,2999,
19.06.2024--18:11:08,19,6,2024,3,10032390 LIVSANE DILUIRANI HIDROGEN 3% 100ML (Е)                                ,2,109,2518029 SPRIC 10ML TRODELNI A100 NIPRO (Е)                                      ,0.02,2069,10032400 LIVSANE GLICEROL 50ML (Ђ)      ,1,209,
19.06.2024--19:02:37,19,6,2024,2,BODI ŽERSEJ - MAJICA - 8684145598237 (КОМ) (Ђ)                                  ,1,699,TKANI KOMBINEZON - 8684136849003 (КОМ) (Ђ)                                      ,1,2499,
19.06.2024--19:15:39,19,6,2024,1,MP-2403. 02 36/54  (Ђ) /kom (Ђ)         ,1,4455,
22.06.2024--10:25:48,22,6,2024,1,SPECIAL KULEN ZDENKA (Е)                ,1,180,
